sp|Q1J835|RL11_STRPF Large ribosomal subunit protein uL11 OS=Streptococcus pyogenes serotype M4 (strain MGAS10750) OX=370554 GN=rplK PE=3 SV=2	sp|Q724G4|RL11_LISMF Large ribosomal subunit protein uL11 OS=Listeria monocytogenes serotype 4b (strain F2365) OX=265669 GN=rplK PE=3 SV=1	0.8505460133978373
sp|D1ZIW5|CHO2_SORMK Phosphatidylethanolamine N-methyltransferase OS=Sordaria macrospora (strain ATCC MYA-333 / DSM 997 / K(L3346) / K-hell) OX=771870 GN=CHO2 PE=3 SV=1	sp|C5M4D4|CHO2_CANTT Phosphatidylethanolamine N-methyltransferase OS=Candida tropicalis (strain ATCC MYA-3404 / T1) OX=294747 GN=CHO2 PE=3 SV=1	0.13213186193186902
sp|B6KAM0|AMA1_TOXGV Apical membrane antigen 1 OS=Toxoplasma gondii (strain ATCC 50861 / VEG) OX=432359 GN=AMA1 PE=1 SV=1	sp|A6VA73|ASTE_PSEA7 Succinylglutamate desuccinylase OS=Pseudomonas aeruginosa (strain PA7) OX=381754 GN=astE PE=3 SV=1	0.16366536986048474
sp|B0C075|RS2_ACAM1 Small ribosomal subunit protein uS2 OS=Acaryochloris marina (strain MBIC 11017) OX=329726 GN=rpsB PE=3 SV=1	sp|P0DE88|RS2_STRP3 Small ribosomal subunit protein uS2 OS=Streptococcus pyogenes serotype M3 (strain ATCC BAA-595 / MGAS315) OX=198466 GN=rpsB PE=3 SV=1	0.5557952424043882
sp|Q7W400|GLYA2_BORPA Serine hydroxymethyltransferase 2 OS=Bordetella parapertussis (strain 12822 / ATCC BAA-587 / NCTC 13253) OX=257311 GN=glyA2 PE=3 SV=1	sp|A1WQP4|GLYA_VEREI Serine hydroxymethyltransferase OS=Verminephrobacter eiseniae (strain EF01-2) OX=391735 GN=glyA PE=3 SV=2	0.7888039229836495
sp|P0A0R1|FTNA_NEIMB Bacterial ferritin OS=Neisseria meningitidis serogroup B (strain ATCC BAA-335 / MC58) OX=122586 GN=bfrA PE=3 SV=1	sp|Q4JSG7|FLUC1_CORJK Fluoride-specific ion channel FluC 1 OS=Corynebacterium jeikeium (strain K411) OX=306537 GN=fluC1 PE=3 SV=1	0.2766905597163875
sp|B1XD49|FABZ_ECODH 3-hydroxyacyl-[acyl-carrier-protein] dehydratase FabZ OS=Escherichia coli (strain K12 / DH10B) OX=316385 GN=fabZ PE=3 SV=1	sp|A4W6S5|FABZ_ENT38 3-hydroxyacyl-[acyl-carrier-protein] dehydratase FabZ OS=Enterobacter sp. (strain 638) OX=399742 GN=fabZ PE=3 SV=1	0.9772426804478508
sp|P08675|CSP_PLACL Circumsporozoite protein OS=Plasmodium cynomolgi (strain London) OX=5831 GN=CSP PE=3 SV=1	sp|Q47BQ2|RL31_DECAR Large ribosomal subunit protein bL31 OS=Dechloromonas aromatica (strain RCB) OX=159087 GN=rpmE PE=3 SV=1	0.20217026704954938
sp|B9KL95|RS19_CERSK Small ribosomal subunit protein uS19 OS=Cereibacter sphaeroides (strain KD131 / KCTC 12085) OX=557760 GN=rpsS PE=3 SV=1	sp|C4L7T4|RS19_TOLAT Small ribosomal subunit protein uS19 OS=Tolumonas auensis (strain DSM 9187 / NBRC 110442 / TA 4) OX=595494 GN=rpsS PE=3 SV=1	0.7278474847554821
sp|Q7Z692|CEA19_HUMAN Cell adhesion molecule CEACAM19 OS=Homo sapiens OX=9606 GN=CEACAM19 PE=2 SV=2	sp|Q87BS2|Y1376_XYLFT UPF0125 protein PD_1376 OS=Xylella fastidiosa (strain Temecula1 / ATCC 700964) OX=183190 GN=PD_1376 PE=3 SV=1	0.19231349216901764
sp|A8GVL3|RL35_RICB8 Large ribosomal subunit protein bL35 OS=Rickettsia bellii (strain OSU 85-389) OX=391896 GN=rpmI PE=3 SV=1	sp|Q6G5E5|RL35_BARHE Large ribosomal subunit protein bL35 OS=Bartonella henselae (strain ATCC 49882 / DSM 28221 / CCUG 30454 / Houston 1) OX=283166 GN=rpmI PE=3 SV=1	0.535975070979403
sp|A5GQU6|RS21_SYNR3 Small ribosomal subunit protein bS21 OS=Synechococcus sp. (strain RCC307) OX=316278 GN=rpsU PE=3 SV=1	sp|A5GNP9|RS21_SYNPW Small ribosomal subunit protein bS21 OS=Synechococcus sp. (strain WH7803) OX=32051 GN=rpsU PE=3 SV=1	0.9598087892074142
sp|P63148|UBE2B_RABIT Ubiquitin-conjugating enzyme E2 B OS=Oryctolagus cuniculus OX=9986 GN=UBE2B PE=2 SV=1	sp|P35132|UBC9_ARATH SUMO-conjugating enzyme UBC9 OS=Arabidopsis thaliana OX=3702 GN=UBC9 PE=1 SV=1	0.500297600771088
sp|A8ANV7|PIMT_CITK8 Protein-L-isoaspartate O-methyltransferase OS=Citrobacter koseri (strain ATCC BAA-895 / CDC 4225-83 / SGSC4696) OX=290338 GN=pcm PE=3 SV=1	sp|Q0HXG4|PIMT_SHESR Protein-L-isoaspartate O-methyltransferase OS=Shewanella sp. (strain MR-7) OX=60481 GN=pcm PE=3 SV=1	0.6486199302413125
sp|B1XBG3|CAIB_ECODH L-carnitine CoA-transferase OS=Escherichia coli (strain K12 / DH10B) OX=316385 GN=caiB PE=3 SV=1	sp|Q2KD65|IHFB_RHIEC Integration host factor subunit beta OS=Rhizobium etli (strain ATCC 51251 / DSM 11541 / JCM 21823 / NBRC 15573 / CFN 42) OX=347834 GN=ihfB PE=3 SV=1	0.1840892360006468
sp|A6LX30|PXPA_CLOB8 5-oxoprolinase subunit A OS=Clostridium beijerinckii (strain ATCC 51743 / NCIMB 8052) OX=290402 GN=pxpA PE=3 SV=1	sp|Q827I5|PXPA_STRAW 5-oxoprolinase subunit A OS=Streptomyces avermitilis (strain ATCC 31267 / DSM 46492 / JCM 5070 / NBRC 14893 / NCIMB 12804 / NRRL 8165 / MA-4680) OX=227882 GN=pxpA PE=3 SV=1	0.5476962168745882
sp|Q96ES6|MFSD3_HUMAN Major facilitator superfamily domain-containing protein 3 OS=Homo sapiens OX=9606 GN=MFSD3 PE=1 SV=1	sp|Q5JM82|MT2B_ORYSJ Metallothionein-like protein 2B OS=Oryza sativa subsp. japonica OX=39947 GN=MT2B PE=2 SV=1	0.1849286737887523
sp|Q2T199|APT_BURTA Adenine phosphoribosyltransferase OS=Burkholderia thailandensis (strain ATCC 700388 / DSM 13276 / CCUG 48851 / CIP 106301 / E264) OX=271848 GN=apt PE=3 SV=1	sp|Q1C4P3|APT_YERPA Adenine phosphoribosyltransferase OS=Yersinia pestis bv. Antiqua (strain Antiqua) OX=360102 GN=apt PE=3 SV=1	0.6522284613513909
sp|P9WIR7|APA_MYCTU Alanine and proline-rich secreted protein Apa OS=Mycobacterium tuberculosis (strain ATCC 25618 / H37Rv) OX=83332 GN=apa PE=1 SV=1	sp|O26653|RL40_METTH Large ribosomal subunit protein eL40 OS=Methanothermobacter thermautotrophicus (strain ATCC 29096 / DSM 1053 / JCM 10044 / NBRC 100330 / Delta H) OX=187420 GN=rpl40e PE=3 SV=1	0.19538800527509856
sp|A6UPK3|CBID_METVS Cobalt-precorrin-5B C(1)-methyltransferase OS=Methanococcus vannielii (strain ATCC 35089 / DSM 1224 / JCM 13029 / OCM 148 / SB) OX=406327 GN=cbiD PE=3 SV=1	sp|B8ZQ77|URK_STRPJ Uridine kinase OS=Streptococcus pneumoniae (strain ATCC 700669 / Spain 23F-1) OX=561276 GN=udk PE=3 SV=1	0.17828874980217005
sp|A9X1C8|EXT1_PAPAN Exostosin-1 OS=Papio anubis OX=9555 GN=EXT1 PE=3 SV=1	sp|Q7MQ55|GLO21_VIBVY Hydroxyacylglutathione hydrolase 1 OS=Vibrio vulnificus (strain YJ016) OX=196600 GN=gloB1 PE=3 SV=1	0.1371480305428194
sp|P0AEM1|FKBX_ECOL6 FKBP-type 16 kDa peptidyl-prolyl cis-trans isomerase OS=Escherichia coli O6:H1 (strain CFT073 / ATCC 700928 / UPEC) OX=199310 GN=fkpB PE=3 SV=2	sp|B1HTW8|GATC_LYSSC Aspartyl/glutamyl-tRNA(Asn/Gln) amidotransferase subunit C OS=Lysinibacillus sphaericus (strain C3-41) OX=444177 GN=gatC PE=3 SV=1	0.26450233904797177
sp|A1WVG0|NUSB_HALHL Transcription antitermination protein NusB OS=Halorhodospira halophila (strain DSM 244 / SL1) OX=349124 GN=nusB PE=3 SV=1	sp|B7M3Q5|NUSB_ECO8A Transcription antitermination protein NusB OS=Escherichia coli O8 (strain IAI1) OX=585034 GN=nusB PE=3 SV=1	0.3662965639498336
sp|Q1GEY7|QUEC_RUEST 7-cyano-7-deazaguanine synthase OS=Ruegeria sp. (strain TM1040) OX=292414 GN=queC PE=3 SV=1	sp|Q9A7P3|ACP_CAUVC Acyl carrier protein OS=Caulobacter vibrioides (strain ATCC 19089 / CIP 103742 / CB 15) OX=190650 GN=acpP PE=3 SV=1	0.2161565478542084
sp|O97952|ANDR_MACFA Androgen receptor OS=Macaca fascicularis OX=9541 GN=AR PE=2 SV=1	sp|B8ZJU9|RSMG_STRPJ Ribosomal RNA small subunit methyltransferase G OS=Streptococcus pneumoniae (strain ATCC 700669 / Spain 23F-1) OX=561276 GN=rsmG PE=3 SV=1	0.13132148710450944
sp|A8G8W5|PRIB_SERP5 Primosomal replication protein N OS=Serratia proteamaculans (strain 568) OX=399741 GN=priB PE=3 SV=1	sp|B2TY74|PRIB_SHIB3 Primosomal replication protein N OS=Shigella boydii serotype 18 (strain CDC 3083-94 / BS512) OX=344609 GN=priB PE=3 SV=1	0.841263461876142
sp|B5ZYT2|EFG_RHILW Elongation factor G OS=Rhizobium leguminosarum bv. trifolii (strain WSM2304) OX=395492 GN=fusA PE=3 SV=1	sp|Q748Y8|EFG2_GEOSL Elongation factor G 2 OS=Geobacter sulfurreducens (strain ATCC 51573 / DSM 12127 / PCA) OX=243231 GN=fusA2 PE=3 SV=1	0.5876452149503268
sp|Q09MF3|RR12_CITSI Small ribosomal subunit protein uS12cz/uS12cy OS=Citrus sinensis OX=2711 GN=rps12-A PE=3 SV=1	sp|Q0ZIZ5|RR12_VITVI Small ribosomal subunit protein uS12cz/uS12cy OS=Vitis vinifera OX=29760 GN=rps12-A PE=3 SV=2	0.988045707678051
sp|Q5L5L9|RL19_CHLAB Large ribosomal subunit protein bL19 OS=Chlamydia abortus (strain DSM 27085 / S26/3) OX=218497 GN=rplS PE=3 SV=1	sp|O83879|RL19_TREPA Large ribosomal subunit protein bL19 OS=Treponema pallidum (strain Nichols) OX=243276 GN=rplS PE=3 SV=1	0.548703280692387
sp|B7GMW3|RNPA_ANOFW Ribonuclease P protein component OS=Anoxybacillus flavithermus (strain DSM 21510 / WK1) OX=491915 GN=rnpA PE=3 SV=1	sp|B3QY26|RL23_CHLT3 Large ribosomal subunit protein uL23 OS=Chloroherpeton thalassium (strain ATCC 35110 / GB-78) OX=517418 GN=rplW PE=3 SV=1	0.29193565844682523
sp|Q9UW20|PIK1_CANAL Phosphatidylinositol 4-kinase PIK1alpha OS=Candida albicans (strain SC5314 / ATCC MYA-2876) OX=237561 GN=PIKALPHA PE=3 SV=1	sp|P50374|EFTU_BRYPL Elongation factor Tu, chloroplastic (Fragment) OS=Bryopsis plumosa OX=3130 GN=tufA PE=3 SV=1	0.12806062277037103
sp|Q7WYG5|METK_LEGJE S-adenosylmethionine synthase OS=Legionella jeonii OX=2728 GN=metK PE=3 SV=1	sp|A4XPF8|METK_ECTM1 S-adenosylmethionine synthase OS=Ectopseudomonas mendocina (strain ymp) OX=399739 GN=metK PE=3 SV=1	0.5912098001907843
sp|Q497Q6|F228B_MOUSE Protein FAM228B OS=Mus musculus OX=10090 GN=Fam228b PE=2 SV=1	sp|Q3KLJ7|NDK_CHLTA Nucleoside diphosphate kinase OS=Chlamydia trachomatis serovar A (strain ATCC VR-571B / DSM 19440 / HAR-13) OX=315277 GN=ndk PE=3 SV=1	0.22105160764200577
sp|B7HQD2|MTNN_BACC7 5'-methylthioadenosine/S-adenosylhomocysteine nucleosidase OS=Bacillus cereus (strain AH187) OX=405534 GN=mtnN PE=3 SV=1	sp|B7IYM7|MTNN_BACC2 5'-methylthioadenosine/S-adenosylhomocysteine nucleosidase OS=Bacillus cereus (strain G9842) OX=405531 GN=mtnN PE=3 SV=1	0.9854852912055848
sp|Q8NM23|PURT_CORGL Formate-dependent phosphoribosylglycinamide formyltransferase OS=Corynebacterium glutamicum (strain ATCC 13032 / DSM 20300 / JCM 1318 / BCRC 11384 / CCUG 27702 / LMG 3730 / NBRC 12168 / NCIMB 10025 / NRRL B-2784 / 534) OX=196627 GN=purT PE=3 SV=2	sp|B2K0H3|PURT_YERPB Formate-dependent phosphoribosylglycinamide formyltransferase OS=Yersinia pseudotuberculosis serotype IB (strain PB1/+) OX=502801 GN=purT PE=3 SV=1	0.21947465268865401
sp|P30969|GNRHR_RAT Gonadotropin-releasing hormone receptor OS=Rattus norvegicus OX=10116 GN=Gnrhr PE=2 SV=2	sp|Q7W222|LIPA_BORPA Lipoyl synthase OS=Bordetella parapertussis (strain 12822 / ATCC BAA-587 / NCTC 13253) OX=257311 GN=lipA PE=3 SV=1	0.18813685707741526
sp|Q9JKK1|STX6_MOUSE Syntaxin-6 OS=Mus musculus OX=10090 GN=Stx6 PE=1 SV=1	sp|C1AL52|RS8_MYCBT Small ribosomal subunit protein uS8 OS=Mycobacterium bovis (strain BCG / Tokyo 172 / ATCC 35737 / TMC 1019) OX=561275 GN=rpsH PE=3 SV=1	0.2160522053819652
sp|A7ZZD1|TREA_ECOHS Periplasmic trehalase OS=Escherichia coli O9:H4 (strain HS) OX=331112 GN=treA PE=3 SV=1	sp|Q7A0X3|CSPA_STAAW Cold shock protein CspA OS=Staphylococcus aureus (strain MW2) OX=196620 GN=cspA PE=3 SV=1	0.1568229674945435
sp|A7GTP5|ACCA_BACCN Acetyl-coenzyme A carboxylase carboxyl transferase subunit alpha OS=Bacillus cytotoxicus (strain DSM 22905 / CIP 110041 / 391-98 / NVH 391-98) OX=315749 GN=accA PE=3 SV=1	sp|Q4L741|ACCA_STAHJ Acetyl-coenzyme A carboxylase carboxyl transferase subunit alpha OS=Staphylococcus haemolyticus (strain JCSC1435) OX=279808 GN=accA PE=3 SV=1	0.6357439470780034
sp|A9KX16|RSMG_SHEB9 Ribosomal RNA small subunit methyltransferase G OS=Shewanella baltica (strain OS195) OX=399599 GN=rsmG PE=3 SV=1	sp|B7UMK5|RSMG_ECO27 Ribosomal RNA small subunit methyltransferase G OS=Escherichia coli O127:H6 (strain E2348/69 / EPEC) OX=574521 GN=rsmG PE=3 SV=1	0.6771477983521199
sp|Q46IJ5|SSRP_PROMT SsrA-binding protein OS=Prochlorococcus marinus (strain NATL2A) OX=59920 GN=smpB PE=3 SV=1	sp|Q6MSC1|SSRP_MYCMS SsrA-binding protein OS=Mycoplasma mycoides subsp. mycoides SC (strain CCUG 32753 / NCTC 10114 / PG1) OX=272632 GN=smpB PE=3 SV=1	0.45083040602236923
sp|Q8NJM2|DBP10_ASPFU ATP-dependent RNA helicase dbp10 OS=Aspergillus fumigatus (strain ATCC MYA-4609 / CBS 101355 / FGSC A1100 / Af293) OX=330879 GN=dbp10 PE=3 SV=1	sp|A5DVM3|IF4A_LODEL ATP-dependent RNA helicase eIF4A OS=Lodderomyces elongisporus (strain ATCC 11503 / CBS 2605 / JCM 1781 / NBRC 1676 / NRRL YB-4239) OX=379508 GN=TIF1 PE=3 SV=1	0.15267381434860336
sp|Q6D4W1|RNFD_PECAS Ion-translocating oxidoreductase complex subunit D OS=Pectobacterium atrosepticum (strain SCRI 1043 / ATCC BAA-672) OX=218491 GN=rnfD PE=3 SV=1	sp|Q320Y7|RSXD_SHIBS Ion-translocating oxidoreductase complex subunit D OS=Shigella boydii serotype 4 (strain Sb227) OX=300268 GN=rsxD PE=3 SV=1	0.7515856176293626
sp|Q83D86|MGSA_COXBU Methylglyoxal synthase OS=Coxiella burnetii (strain RSA 493 / Nine Mile phase I) OX=227377 GN=mgsA PE=3 SV=1	sp|B5FF54|MGSA_ALIFM Methylglyoxal synthase OS=Aliivibrio fischeri (strain MJ11) OX=388396 GN=mgsA PE=3 SV=1	0.5917284731233727
sp|B0RIN6|ILVC_CLASE Ketol-acid reductoisomerase (NADP(+)) OS=Clavibacter sepedonicus OX=31964 GN=ilvC PE=3 SV=1	sp|A9WP08|ILVC_RENSM Ketol-acid reductoisomerase (NADP(+)) OS=Renibacterium salmoninarum (strain ATCC 33209 / DSM 20767 / JCM 11484 / NBRC 15589 / NCIMB 2235) OX=288705 GN=ilvC PE=3 SV=1	0.7559840381308399
sp|Q8CGK7|GNAL_MOUSE Guanine nucleotide-binding protein G(olf) subunit alpha OS=Mus musculus OX=10090 GN=Gnal PE=1 SV=1	sp|Q8R4A8|GNAS_CRIGR Guanine nucleotide-binding protein G(s) subunit alpha OS=Cricetulus griseus OX=10029 GN=GNAS PE=1 SV=1	0.6382186863940501
sp|B8E2S7|DAPB_DICTD 4-hydroxy-tetrahydrodipicolinate reductase OS=Dictyoglomus turgidum (strain DSM 6724 / Z-1310) OX=515635 GN=dapB PE=3 SV=1	sp|B1ICX7|DAPB_STRPI 4-hydroxy-tetrahydrodipicolinate reductase OS=Streptococcus pneumoniae (strain Hungary19A-6) OX=487214 GN=dapB PE=3 SV=1	0.23723885532379527
sp|P53573|ETFA_BRADU Electron transfer flavoprotein subunit alpha OS=Bradyrhizobium diazoefficiens (strain JCM 10833 / BCRC 13528 / IAM 13628 / NBRC 14792 / USDA 110) OX=224911 GN=etfA PE=3 SV=2	sp|Q0SNZ5|IF1_BORAP Translation initiation factor IF-1 OS=Borreliella afzelii (strain PKo) OX=390236 GN=infA PE=3 SV=1	0.22207737491410995
sp|Q9BIB4|YMYD_CAEEL Transcription initiation factor IIA small chain homolog OS=Caenorhabditis elegans OX=6239 GN=B0336.13 PE=3 SV=1	sp|Q8PU75|RS28_METMA Small ribosomal subunit protein eS28 OS=Methanosarcina mazei (strain ATCC BAA-159 / DSM 3647 / Goe1 / Go1 / JCM 11833 / OCM 88) OX=192952 GN=rps28e PE=3 SV=1	0.27317245456028605
sp|Q64548|RTN1_RAT Reticulon-1 OS=Rattus norvegicus OX=10116 GN=Rtn1 PE=1 SV=1	sp|Q6LX68|ECFA_METMP Energy-coupling factor transporter ATP-binding protein EcfA OS=Methanococcus maripaludis (strain DSM 14266 / JCM 13030 / NBRC 101832 / S2 / LL) OX=267377 GN=ecfA PE=3 SV=1	0.13738193867623227
sp|W6QIM3|IFGE_PENRF Chanoclavine-I dehydrogenase ifgE OS=Penicillium roqueforti (strain FM164) OX=1365484 GN=ifgE PE=1 SV=1	sp|P02842|SGS8_DROME Salivary glue protein Sgs-8 OS=Drosophila melanogaster OX=7227 GN=Sgs8 PE=2 SV=1	0.22154736357733007
sp|P56079|CDS_DROME Phosphatidate cytidylyltransferase, photoreceptor-specific OS=Drosophila melanogaster OX=7227 GN=Cds PE=1 SV=2	sp|A0A6M7H989|DLMIS_ECO57 D-lyxose/D-mannose isomerase OS=Escherichia coli O157:H7 OX=83334 GN=Z5688 PE=1 SV=1	0.1656223325642948
sp|Q2QLG6|CAV1_CALJA Caveolin-1 OS=Callithrix jacchus OX=9483 GN=CAV1 PE=3 SV=1	sp|Q2QLG7|CAV2_CALJA Caveolin-2 OS=Callithrix jacchus OX=9483 GN=CAV2 PE=3 SV=1	0.34312538694794115
sp|A6LPX4|LEUC_CLOB8 3-isopropylmalate dehydratase large subunit OS=Clostridium beijerinckii (strain ATCC 51743 / NCIMB 8052) OX=290402 GN=leuC PE=3 SV=1	sp|Q0QLE2|DMDA_EUBBA 2,3-dimethylmalate dehydratase large subunit OS=Eubacterium barkeri OX=1528 GN=dmdA PE=1 SV=1	0.4720477977847292
sp|P62521|CCDC8_RAT Coiled-coil domain-containing protein 8 OS=Rattus norvegicus OX=10116 GN=Ccdc8 PE=1 SV=1	sp|Q21WD3|RL9_ALBFT Large ribosomal subunit protein bL9 OS=Albidiferax ferrireducens (strain ATCC BAA-621 / DSM 15236 / T118) OX=338969 GN=rplI PE=3 SV=1	0.15991450039170374
sp|Q7T199|KCA10_CHICK Potassium voltage-gated channel subfamily A member 10 OS=Gallus gallus OX=9031 GN=KCNA10 PE=2 SV=1	sp|Q46IH3|IF3_PROMT Translation initiation factor IF-3 OS=Prochlorococcus marinus (strain NATL2A) OX=59920 GN=infC PE=3 SV=1	0.16084273260716436
sp|Q8R844|TDXH2_CALS4 Peroxiredoxin 2 OS=Caldanaerobacter subterraneus subsp. tengcongensis (strain DSM 15242 / JCM 11007 / NBRC 100824 / MB4) OX=273068 GN=TTE2186 PE=3 SV=1	sp|Q9RG22|ACP_RHILE Acyl carrier protein AcpP OS=Rhizobium leguminosarum OX=384 GN=acpP PE=3 SV=3	0.2404425939236837
sp|Q9Y5U4|INSI2_HUMAN Insulin-induced gene 2 protein OS=Homo sapiens OX=9606 GN=INSIG2 PE=1 SV=2	sp|P0AD19|YOHK_ECOLI Inner membrane protein YohK OS=Escherichia coli (strain K12) OX=83333 GN=yohK PE=1 SV=1	0.21592696599052197
sp|Q9SSA8|RA212_ARATH Ethylene-responsive transcription factor RAP2-12 OS=Arabidopsis thaliana OX=3702 GN=RAP2-12 PE=1 SV=1	sp|Q8W3M3|RAP29_ARATH Ethylene-responsive transcription factor RAP2-9 OS=Arabidopsis thaliana OX=3702 GN=RAP2-9 PE=2 SV=1	0.2155470044835035
sp|B1V8K7|GLAA_PETGR Alpha-1,3-galactosidase A OS=Peterkaempfera griseoplana OX=66896 GN=glaA PE=1 SV=1	sp|B1V8K7|GLAA_PETGR Alpha-1,3-galactosidase A OS=Peterkaempfera griseoplana OX=66896 GN=glaA PE=1 SV=1	1.0
sp|P50227|ST1A1_BOVIN Sulfotransferase 1A1 OS=Bos taurus OX=9913 GN=SULT1A1 PE=1 SV=2	sp|B0UHW6|RL2_METS4 Large ribosomal subunit protein uL2 OS=Methylobacterium sp. (strain 4-46) OX=426117 GN=rplB PE=3 SV=1	0.20035922181538005
sp|Q8ZJF6|AROB_YERPE 3-dehydroquinate synthase OS=Yersinia pestis OX=632 GN=aroB PE=3 SV=1	sp|B6I2U7|AROB_ECOSE 3-dehydroquinate synthase OS=Escherichia coli (strain SE11) OX=409438 GN=aroB PE=3 SV=1	0.5381557210738158
sp|A4TH05|RS14_YERPP Small ribosomal subunit protein uS14 OS=Yersinia pestis (strain Pestoides F) OX=386656 GN=rpsN PE=3 SV=1	sp|A9R908|RS14_YERPG Small ribosomal subunit protein uS14 OS=Yersinia pestis bv. Antiqua (strain Angola) OX=349746 GN=rpsN PE=3 SV=1	1.0
sp|Q5X9H5|MUTL_STRP6 DNA mismatch repair protein MutL OS=Streptococcus pyogenes serotype M6 (strain ATCC BAA-946 / MGAS10394) OX=286636 GN=mutL PE=3 SV=2	sp|P0A3R2|HEXB_STRR6 DNA mismatch repair protein HexB OS=Streptococcus pneumoniae (strain ATCC BAA-255 / R6) OX=171101 GN=hexB PE=3 SV=1	0.3924166210632
sp|Q6FVE6|PFA4_CANGA Palmitoyltransferase PFA4 OS=Candida glabrata (strain ATCC 2001 / BCRC 20586 / JCM 3761 / NBRC 0622 / NRRL Y-65 / CBS 138) OX=284593 GN=PFA4 PE=3 SV=1	sp|A9VQF0|ACPS_BACMK Holo-[acyl-carrier-protein] synthase OS=Bacillus mycoides (strain KBAB4) OX=315730 GN=acpS PE=3 SV=1	0.18145521434382425
sp|Q2J352|COAE_RHOP2 Dephospho-CoA kinase OS=Rhodopseudomonas palustris (strain HaA2) OX=316058 GN=coaE PE=3 SV=1	sp|Q2J352|COAE_RHOP2 Dephospho-CoA kinase OS=Rhodopseudomonas palustris (strain HaA2) OX=316058 GN=coaE PE=3 SV=1	1.0
sp|A5U6P9|XERC_MYCTA Tyrosine recombinase XerC OS=Mycobacterium tuberculosis (strain ATCC 25177 / H37Ra) OX=419947 GN=xerC PE=3 SV=1	sp|A1KMN8|XERC_MYCBP Tyrosine recombinase XerC OS=Mycobacterium bovis (strain BCG / Pasteur 1173P2) OX=410289 GN=xerC PE=3 SV=1	1.0
sp|Q8RL85|LEU1_GEOSE 2-isopropylmalate synthase OS=Geobacillus stearothermophilus OX=1422 GN=leuA PE=3 SV=1	sp|Q9EVH0|LEU1_BUCUM 2-isopropylmalate synthase (Fragment) OS=Buchnera aphidicola subsp. Uroleucon ambrosiae OX=118117 GN=leuA PE=3 SV=1	0.4894092976856305
sp|Q2Y9Y7|BIOH_NITMU Pimeloyl-[acyl-carrier protein] methyl ester esterase OS=Nitrosospira multiformis (strain ATCC 25196 / NCIMB 11849 / C 71) OX=323848 GN=bioH PE=3 SV=1	sp|Q8DLN5|NDHM_THEVB NAD(P)H-quinone oxidoreductase subunit M OS=Thermosynechococcus vestitus (strain NIES-2133 / IAM M-273 / BP-1) OX=197221 GN=ndhM PE=1 SV=1	0.20210190350794602
sp|Q93XQ4|PMT2_NICAT Putrescine N-methyltransferase 2 OS=Nicotiana attenuata OX=49451 GN=PMT2 PE=2 SV=1	sp|O48528|OP163_ARATH Outer envelope pore protein 16-3, chloroplastic/mitochondrial OS=Arabidopsis thaliana OX=3702 GN=OEP163 PE=1 SV=1	0.18146435309585063
sp|Q96QV6|H2A1A_HUMAN Histone H2A type 1-A OS=Homo sapiens OX=9606 GN=H2AC1 PE=1 SV=3	sp|B1XJ18|PSBT_PICP2 Photosystem II reaction center protein T OS=Picosynechococcus sp. (strain ATCC 27264 / PCC 7002 / PR-6) OX=32049 GN=psbT PE=3 SV=1	0.27558252413632056
sp|O26687|SYM_METTH Methionine--tRNA ligase OS=Methanothermobacter thermautotrophicus (strain ATCC 29096 / DSM 1053 / JCM 10044 / NBRC 100330 / Delta H) OX=187420 GN=metG PE=3 SV=1	sp|Q12UQ9|SYM_METBU Methionine--tRNA ligase OS=Methanococcoides burtonii (strain DSM 6242 / NBRC 107633 / OCM 468 / ACE-M) OX=259564 GN=metG PE=3 SV=1	0.25103061415217465
sp|A5UG05|RIMM_HAEIG Ribosome maturation factor RimM OS=Haemophilus influenzae (strain PittGG) OX=374931 GN=rimM PE=3 SV=1	sp|Q4QNY7|RIMM_HAEI8 Ribosome maturation factor RimM OS=Haemophilus influenzae (strain 86-028NP) OX=281310 GN=rimM PE=3 SV=2	0.9172202501218635
sp|Q5R598|REEP4_PONAB Receptor expression-enhancing protein 4 OS=Pongo abelii OX=9601 GN=REEP4 PE=2 SV=1	sp|Q8BGH4|REEP1_MOUSE Receptor expression-enhancing protein 1 OS=Mus musculus OX=10090 GN=Reep1 PE=1 SV=1	0.43068975526017583
sp|P60531|TSKS_RAT Testis-specific serine kinase substrate OS=Rattus norvegicus OX=10116 GN=Tsks PE=1 SV=1	sp|A5GKI7|GLGA_SYNPW Glycogen synthase OS=Synechococcus sp. (strain WH7803) OX=32051 GN=glgA PE=3 SV=1	0.16095251304135436
sp|Q7Z402|TMC7_HUMAN Transmembrane channel-like protein 7 OS=Homo sapiens OX=9606 GN=TMC7 PE=1 SV=1	sp|Q30KQ7|DB113_HUMAN Beta-defensin 113 OS=Homo sapiens OX=9606 GN=DEFB113 PE=3 SV=1	0.14794776125574463
sp|Q0RF16|KDPA_FRAAA Potassium-transporting ATPase potassium-binding subunit OS=Frankia alni (strain DSM 45986 / CECT 9034 / ACN14a) OX=326424 GN=kdpA PE=3 SV=1	sp|C4ZWH4|KDPA_ECOBW Potassium-transporting ATPase potassium-binding subunit OS=Escherichia coli (strain K12 / MC4100 / BW2952) OX=595496 GN=kdpA PE=3 SV=1	0.27227443459490264
sp|A1ABP0|PSRP_ECOK1 Phosphoenolpyruvate synthase regulatory protein OS=Escherichia coli O1:K1 / APEC OX=405955 GN=ppsR PE=3 SV=1	sp|B2U2K8|PSRP_SHIB3 Phosphoenolpyruvate synthase regulatory protein OS=Shigella boydii serotype 18 (strain CDC 3083-94 / BS512) OX=344609 GN=ppsR PE=3 SV=1	0.9994631233716943
sp|C1F3C4|DXS_ACIC5 1-deoxy-D-xylulose-5-phosphate synthase OS=Acidobacterium capsulatum (strain ATCC 51196 / DSM 11244 / BCRC 80197 / JCM 7670 / NBRC 15755 / NCIMB 13165 / 161) OX=240015 GN=dxs PE=3 SV=1	sp|A6T5F3|DXS_KLEP7 1-deoxy-D-xylulose-5-phosphate synthase OS=Klebsiella pneumoniae subsp. pneumoniae (strain ATCC 700721 / MGH 78578) OX=272620 GN=dxs PE=1 SV=1	0.36484926047138166
sp|Q6GDP4|ROCA_STAAR 1-pyrroline-5-carboxylate dehydrogenase OS=Staphylococcus aureus (strain MRSA252) OX=282458 GN=rocA PE=3 SV=1	sp|P63939|ROCA_STAAM 1-pyrroline-5-carboxylate dehydrogenase OS=Staphylococcus aureus (strain Mu50 / ATCC 700699) OX=158878 GN=rocA PE=3 SV=1	1.0
sp|G3XSI2|AUNA_ASPNA Aurasperone B biosynthesis cluster protein A OS=Aspergillus niger (strain ATCC 1015 / CBS 113.46 / FGSC A1144 / LSHB Ac4 / NCTC 3858a / NRRL 328 / USDA 3528.7) OX=380704 GN=aunA PE=3 SV=1	sp|P14124|RL5_HALMA Large ribosomal subunit protein uL5 OS=Haloarcula marismortui (strain ATCC 43049 / DSM 3752 / JCM 8966 / VKM B-1809) OX=272569 GN=rpl5 PE=1 SV=4	0.19321326265931207
sp|B4TXA5|AROE_SALSV Shikimate dehydrogenase (NADP(+)) OS=Salmonella schwarzengrund (strain CVM19633) OX=439843 GN=aroE PE=3 SV=1	sp|Q5PIS9|AROE_SALPA Shikimate dehydrogenase (NADP(+)) OS=Salmonella paratyphi A (strain ATCC 9150 / SARB42) OX=295319 GN=aroE PE=3 SV=1	0.969889770940734
sp|Q7N352|RL25_PHOLL Large ribosomal subunit protein bL25 OS=Photorhabdus laumondii subsp. laumondii (strain DSM 15139 / CIP 105565 / TT01) OX=243265 GN=rplY PE=3 SV=1	sp|P57238|RL25_BUCAI Large ribosomal subunit protein bL25 OS=Buchnera aphidicola subsp. Acyrthosiphon pisum (strain APS) OX=107806 GN=rplY PE=3 SV=1	0.5545584145293132
sp|W7N466|FDB3_GIBM7 Transcription factor FBD3 OS=Gibberella moniliformis (strain M3125 / FGSC 7600) OX=334819 GN=FDB3 PE=2 SV=1	sp|A7M8Y8|PSBI_CUSGR Photosystem II reaction center protein I OS=Cuscuta gronovii OX=35886 GN=psbI PE=3 SV=1	0.1464406179275731
sp|B4SAM9|SAT_PELPB Sulfate adenylyltransferase OS=Pelodictyon phaeoclathratiforme (strain DSM 5477 / BU-1) OX=324925 GN=sat PE=3 SV=1	sp|B2JC99|GPDA_PARP8 Glycerol-3-phosphate dehydrogenase [NAD(P)+] OS=Paraburkholderia phymatum (strain DSM 17167 / CIP 108236 / LMG 21445 / STM815) OX=391038 GN=gpsA PE=3 SV=1	0.17454404178103644
sp|J4VV61|GT1_BEAB2 UDP-glucosyltransferase 1 OS=Beauveria bassiana (strain ARSEF 2860) OX=655819 GN=BBA_08686 PE=2 SV=1	sp|Q99JH1|RP25L_MOUSE Ribonuclease P protein subunit p25-like protein OS=Mus musculus OX=10090 GN=Rpp25l PE=1 SV=1	0.16395452496299281
sp|A8ID55|BLD10_CHLRE Basal body protein 10 OS=Chlamydomonas reinhardtii OX=3055 GN=BLD10 PE=1 SV=1	sp|Q4J6D8|NAC_SULAC Nascent polypeptide-associated complex protein OS=Sulfolobus acidocaldarius (strain ATCC 33909 / DSM 639 / JCM 8929 / NBRC 15157 / NCIMB 11770) OX=330779 GN=nac PE=3 SV=1	0.1358863964771054
sp|P0AA29|THIO_SALTI Thioredoxin 1 OS=Salmonella typhi OX=90370 GN=trxA PE=1 SV=2	sp|Q8KE49|THIO2_CHLTE Thioredoxin 2 OS=Chlorobaculum tepidum (strain ATCC 49652 / DSM 12025 / NBRC 103806 / TLS) OX=194439 GN=trx2 PE=3 SV=3	0.7394375222485601
sp|Q8RWC5|FLA16_ARATH Fasciclin-like arabinogalactan protein 16 OS=Arabidopsis thaliana OX=3702 GN=FLA16 PE=2 SV=1	sp|B8G6P9|RS4_CHLAD Small ribosomal subunit protein uS4 OS=Chloroflexus aggregans (strain MD-66 / DSM 9485) OX=326427 GN=rpsD PE=3 SV=1	0.18781578605998125
sp|Q14JZ0|TPIS_FRAT1 Triosephosphate isomerase OS=Francisella tularensis subsp. tularensis (strain FSC 198) OX=393115 GN=tpiA PE=3 SV=1	sp|A1AXX3|TPIS_RUTMC Triosephosphate isomerase OS=Ruthia magnifica subsp. Calyptogena magnifica OX=413404 GN=tpiA PE=3 SV=1	0.5310239497649609
sp|A7ZUD2|CDH_ECO24 CDP-diacylglycerol pyrophosphatase OS=Escherichia coli O139:H28 (strain E24377A / ETEC) OX=331111 GN=cdh PE=3 SV=1	sp|B6I4R1|CDH_ECOSE CDP-diacylglycerol pyrophosphatase OS=Escherichia coli (strain SE11) OX=409438 GN=cdh PE=3 SV=1	0.9992478575144199
sp|A0AK94|LEUC_LISW6 3-isopropylmalate dehydratase large subunit OS=Listeria welshimeri serovar 6b (strain ATCC 35897 / DSM 20650 / CCUG 15529 / CIP 8149 / NCTC 11857 / SLCC 5334 / V8) OX=386043 GN=leuC PE=3 SV=1	sp|A7GMU3|LEUC_BACCN 3-isopropylmalate dehydratase large subunit OS=Bacillus cytotoxicus (strain DSM 22905 / CIP 110041 / 391-98 / NVH 391-98) OX=315749 GN=leuC PE=3 SV=1	0.7486205639856096
sp|Q9ZV08|GNAT4_ARATH GCN5-related N-acetyltransferase 4, chloroplastic OS=Arabidopsis thaliana OX=3702 GN=GNAT4 PE=1 SV=1	sp|P56379|ATP68_MOUSE ATP synthase subunit ATP5MJ, mitochondrial OS=Mus musculus OX=10090 GN=Atp5mj PE=1 SV=1	0.20238633838333397
sp|A1WC05|MURC_ACISJ UDP-N-acetylmuramate--L-alanine ligase OS=Acidovorax sp. (strain JS42) OX=232721 GN=murC PE=3 SV=1	sp|Q8PCJ9|MURC_XANCP UDP-N-acetylmuramate--L-alanine ligase OS=Xanthomonas campestris pv. campestris (strain ATCC 33913 / DSM 3586 / NCPPB 528 / LMG 568 / P 25) OX=190485 GN=murC PE=3 SV=1	0.33741824806895127
sp|A4QLL5|RK33_LOBMA Large ribosomal subunit protein bL33c OS=Lobularia maritima OX=226051 GN=rpl33 PE=3 SV=1	sp|A8Y9A7|RK33_LOLPR Large ribosomal subunit protein bL33c OS=Lolium perenne OX=4522 GN=rpl33 PE=3 SV=1	0.7535578126290147
sp|A1V1N6|SYS_BURMS Serine--tRNA ligase OS=Burkholderia mallei (strain SAVP1) OX=320388 GN=serS PE=3 SV=1	sp|A2S9G4|SYS_BURM9 Serine--tRNA ligase OS=Burkholderia mallei (strain NCTC 10229) OX=412022 GN=serS PE=3 SV=1	1.0
sp|Q9VMC9|KFA_DROME Kynurenine formamidase OS=Drosophila melanogaster OX=7227 GN=KFase PE=1 SV=1	sp|B5EN39|RPOZ_ACIF5 DNA-directed RNA polymerase subunit omega OS=Acidithiobacillus ferrooxidans (strain ATCC 53993 / BNL-5-31) OX=380394 GN=rpoZ PE=3 SV=1	0.19555847783241476
sp|O66667|DCUP_AQUAE Uroporphyrinogen decarboxylase OS=Aquifex aeolicus (strain VF5) OX=224324 GN=hemE PE=1 SV=1	sp|B2SEW4|DCUP_FRATM Uroporphyrinogen decarboxylase OS=Francisella tularensis subsp. mediasiatica (strain FSC147) OX=441952 GN=hemE PE=3 SV=1	0.22602110082623472
sp|P22023|KRE5_YEAST Killer toxin-resistance protein 5 OS=Saccharomyces cerevisiae (strain ATCC 204508 / S288c) OX=559292 GN=KRE5 PE=1 SV=2	sp|A7HWU9|LIPB_PARL1 Octanoyltransferase OS=Parvibaculum lavamentivorans (strain DS-1 / DSM 13023 / NCIMB 13966) OX=402881 GN=lipB PE=3 SV=1	0.12487420647906808
sp|Q5R8S9|K1C19_PONAB Keratin, type I cytoskeletal 19 OS=Pongo abelii OX=9601 GN=KRT19 PE=2 SV=1	sp|Q6IFU8|K1C17_RAT Keratin, type I cytoskeletal 17 OS=Rattus norvegicus OX=10116 GN=Krt17 PE=1 SV=1	0.5556554362665119
sp|Q1I646|ENO_PSEE4 Enolase OS=Pseudomonas entomophila (strain L48) OX=384676 GN=eno PE=3 SV=1	sp|Q0T1P7|ENO_SHIF8 Enolase OS=Shigella flexneri serotype 5b (strain 8401) OX=373384 GN=eno PE=3 SV=1	0.6428010591766788
sp|B5YDA8|RL31_DICT6 Large ribosomal subunit protein bL31 OS=Dictyoglomus thermophilum (strain ATCC 35947 / DSM 3960 / H-6-12) OX=309799 GN=rpmE PE=3 SV=1	sp|B8CZ30|RL31_HALOH Large ribosomal subunit protein bL31 OS=Halothermothrix orenii (strain H 168 / OCM 544 / DSM 9562) OX=373903 GN=rpmE PE=3 SV=1	0.6979063831966676
sp|B7UKY8|GLGX_ECO27 Glycogen debranching enzyme OS=Escherichia coli O127:H6 (strain E2348/69 / EPEC) OX=574521 GN=glgX PE=3 SV=1	sp|B7UKY8|GLGX_ECO27 Glycogen debranching enzyme OS=Escherichia coli O127:H6 (strain E2348/69 / EPEC) OX=574521 GN=glgX PE=3 SV=1	1.0
sp|B4RJJ5|RNPA_NEIG2 Ribonuclease P protein component OS=Neisseria gonorrhoeae (strain NCCP11945) OX=521006 GN=rnpA PE=3 SV=1	sp|Q7NPT6|RNPA_CHRVO Ribonuclease P protein component OS=Chromobacterium violaceum (strain ATCC 12472 / DSM 30191 / JCM 1249 / CCUG 213 / NBRC 12614 / NCIMB 9131 / NCTC 9757 / MK) OX=243365 GN=rnpA PE=3 SV=1	0.4716573085735694
sp|Q21UZ5|Y2692_ALBFT UPF0234 protein Rfer_2692 OS=Albidiferax ferrireducens (strain ATCC BAA-621 / DSM 15236 / T118) OX=338969 GN=Rfer_2692 PE=3 SV=1	sp|Q0K786|Y3060_CUPNH UPF0234 protein H16_A3060 OS=Cupriavidus necator (strain ATCC 17699 / DSM 428 / KCTC 22496 / NCIMB 10442 / H16 / Stanier 337) OX=381666 GN=H16_A3060 PE=3 SV=1	0.8062370914250155
sp|A8LC44|RL5_PARS2 Large ribosomal subunit protein uL5 OS=Parafrankia sp. (strain EAN1pec) OX=298653 GN=rplE PE=3 SV=1	sp|Q83I66|RL5_TROW8 Large ribosomal subunit protein uL5 OS=Tropheryma whipplei (strain TW08/27) OX=218496 GN=rplE PE=3 SV=1	0.669963782911313
sp|B7HJ64|RL18_BACC4 Large ribosomal subunit protein uL18 OS=Bacillus cereus (strain B4264) OX=405532 GN=rplR PE=3 SV=1	sp|Q8G402|RL18_BIFLO Large ribosomal subunit protein uL18 OS=Bifidobacterium longum (strain NCC 2705) OX=206672 GN=rplR PE=3 SV=1	0.5762654626565117
sp|Q94A05|B3GTA_ARATH Hydroxyproline O-galactosyltransferase HPGT2 OS=Arabidopsis thaliana OX=3702 GN=HPGT2 PE=1 SV=1	sp|B0U5I2|MURB_XYLFM UDP-N-acetylenolpyruvoylglucosamine reductase OS=Xylella fastidiosa (strain M12) OX=405440 GN=murB PE=3 SV=1	0.1831877909668662
sp|P48074|RBL_EUGST Ribulose bisphosphate carboxylase large chain (Fragment) OS=Euglena stellata OX=38278 GN=rbcL PE=2 SV=1	sp|Q33015|RBL_PTEVI Ribulose bisphosphate carboxylase large chain (Fragment) OS=Pteris vittata OX=13821 GN=rbcL PE=3 SV=1	0.8011065639913291
sp|A0T0X4|RK23_THAPS Large ribosomal subunit protein uL23c OS=Thalassiosira pseudonana OX=35128 GN=rpl23 PE=3 SV=1	sp|P73318|RL23_SYNY3 Large ribosomal subunit protein uL23 OS=Synechocystis sp. (strain ATCC 27184 / PCC 6803 / Kazusa) OX=1111708 GN=rplW PE=3 SV=1	0.5638828773891306
sp|Q94F20|DGR2_ARATH Protein DUF642 L-GALACTONO-1,4-LACTONE-RESPONSIVE GENE 2 OS=Arabidopsis thaliana OX=3702 GN=DGR2 PE=2 SV=1	sp|Q9LYE7|B2DXL_ARATH BIIDXI-like protein At5g11420 OS=Arabidopsis thaliana OX=3702 GN=At5g11420 PE=1 SV=1	0.8455384813226027
sp|Q7QH73|PERC_ANOGA Chorion peroxidase OS=Anopheles gambiae OX=7165 GN=pxt PE=2 SV=3	sp|B0RTF5|CLPX_XANCB ATP-dependent Clp protease ATP-binding subunit ClpX OS=Xanthomonas campestris pv. campestris (strain B100) OX=509169 GN=clpX PE=3 SV=1	0.1352623523291137
sp|Q5QXX1|RS14_IDILO Small ribosomal subunit protein uS14 OS=Idiomarina loihiensis (strain ATCC BAA-735 / DSM 15497 / L2-TR) OX=283942 GN=rpsN PE=3 SV=1	sp|A6W379|RS14_MARMS Small ribosomal subunit protein uS14 OS=Marinomonas sp. (strain MWYL1) OX=400668 GN=rpsN PE=3 SV=1	0.8361690969990438
sp|Q9FL59|FTIP1_ARATH FT-interacting protein 1 OS=Arabidopsis thaliana OX=3702 GN=FTIP1 PE=1 SV=1	sp|Q8JMZ5|X_HBVH3 Protein X OS=Hepatitis B virus genotype H subtype adw4 (isolate Nicaragua/2928Nic/1997) OX=489541 GN=X PE=3 SV=1	0.1435216314719677
sp|Q2NWR2|DCUP_SODGM Uroporphyrinogen decarboxylase OS=Sodalis glossinidius (strain morsitans) OX=343509 GN=hemE PE=3 SV=1	sp|A7MJ78|DCUP_CROS8 Uroporphyrinogen decarboxylase OS=Cronobacter sakazakii (strain ATCC BAA-894) OX=290339 GN=hemE PE=3 SV=1	0.8705801249491966
sp|P68276|MYG_DELDE Myoglobin OS=Delphinus delphis OX=9728 GN=MB PE=1 SV=2	sp|P68023|HBE_CHETO Hemoglobin subunit epsilon OS=Cheracebus torquatus OX=30592 GN=HBE1 PE=2 SV=2	0.3383658362927431
sp|Q57TE7|LEU3_SALCH 3-isopropylmalate dehydrogenase OS=Salmonella choleraesuis (strain SC-B67) OX=321314 GN=leuB PE=3 SV=1	sp|Q9SA14|LEU33_ARATH 3-isopropylmalate dehydrogenase 3, chloroplastic OS=Arabidopsis thaliana OX=3702 GN=IMDH3 PE=1 SV=2	0.31525463021193006
sp|A1VJM6|GLMU_POLNA Bifunctional protein GlmU OS=Polaromonas naphthalenivorans (strain CJ2) OX=365044 GN=glmU PE=3 SV=1	sp|Q12FR3|GLMU_POLSJ Bifunctional protein GlmU OS=Polaromonas sp. (strain JS666 / ATCC BAA-500) OX=296591 GN=glmU PE=3 SV=1	0.5603457588264175
sp|Q81163|X_HBVC8 Protein X OS=Hepatitis B virus genotype C subtype adr (isolate Japan/A4/1994) OX=489470 GN=X PE=3 SV=1	sp|Q8JMZ5|X_HBVH3 Protein X OS=Hepatitis B virus genotype H subtype adw4 (isolate Nicaragua/2928Nic/1997) OX=489541 GN=X PE=3 SV=1	0.5223894728762128
sp|Q8YGJ1|RL13_BRUME Large ribosomal subunit protein uL13 OS=Brucella melitensis biotype 1 (strain ATCC 23456 / CCUG 17765 / NCTC 10094 / 16M) OX=224914 GN=rplM PE=3 SV=1	sp|C1A3Z5|RL13_GEMAT Large ribosomal subunit protein uL13 OS=Gemmatimonas aurantiaca (strain DSM 14586 / JCM 11422 / NBRC 100505 / T-27) OX=379066 GN=rplM PE=3 SV=1	0.3911168651438554
sp|B2G4Z5|RL9_LIMRJ Large ribosomal subunit protein bL9 OS=Limosilactobacillus reuteri subsp. reuteri (strain JCM 1112) OX=557433 GN=rplI PE=3 SV=1	sp|Q3Z914|RL9_DEHM1 Large ribosomal subunit protein bL9 OS=Dehalococcoides mccartyi (strain ATCC BAA-2266 / KCTC 15142 / 195) OX=243164 GN=rplI PE=3 SV=1	0.30378747832171926
sp|Q9FMU2|PP380_ARATH Pentatricopeptide repeat-containing protein At5g14080 OS=Arabidopsis thaliana OX=3702 GN=At5g14080 PE=2 SV=2	sp|Q6MDG3|KGUA_PARUW Guanylate kinase OS=Protochlamydia amoebophila (strain UWE25) OX=264201 GN=gmk PE=3 SV=1	0.1520574269084272
sp|P0A994|F16PA_ECOL6 Fructose-1,6-bisphosphatase class 1 OS=Escherichia coli O6:H1 (strain CFT073 / ATCC 700928 / UPEC) OX=199310 GN=fbp PE=3 SV=1	sp|Q57GG7|F16PA_SALCH Fructose-1,6-bisphosphatase class 1 OS=Salmonella choleraesuis (strain SC-B67) OX=321314 GN=fbp PE=3 SV=1	0.9762073817610878
sp|A8ZV72|RL6_DESOH Large ribosomal subunit protein uL6 OS=Desulfosudis oleivorans (strain DSM 6200 / JCM 39069 / Hxd3) OX=96561 GN=rplF PE=3 SV=1	sp|A7ZFZ7|RL6_CAMC1 Large ribosomal subunit protein uL6 OS=Campylobacter concisus (strain 13826) OX=360104 GN=rplF PE=3 SV=1	0.5980418592263524
sp|Q550E9|HSPG8_DICDI Small heat shock protein hspG8 OS=Dictyostelium discoideum OX=44689 GN=hspG8 PE=3 SV=1	sp|A8Z3F9|COPZ_STAAT Copper chaperone CopZ OS=Staphylococcus aureus (strain USA300 / TCH1516) OX=451516 GN=copZ PE=3 SV=1	0.2236731733286911
sp|A6VT98|TATA_MARMS Sec-independent protein translocase protein TatA OS=Marinomonas sp. (strain MWYL1) OX=400668 GN=tatA PE=3 SV=1	sp|Q46WM3|TATA_CUPPJ Sec-independent protein translocase protein TatA OS=Cupriavidus pinatubonensis (strain JMP 134 / LMG 1197) OX=264198 GN=tatA PE=3 SV=1	0.5683390276331198
sp|Q1AWE2|RUVC_RUBXD Crossover junction endodeoxyribonuclease RuvC OS=Rubrobacter xylanophilus (strain DSM 9941 / JCM 11954 / NBRC 16129 / PRD-1) OX=266117 GN=ruvC PE=3 SV=1	sp|Q73LJ8|RUVC_TREDE Crossover junction endodeoxyribonuclease RuvC OS=Treponema denticola (strain ATCC 35405 / DSM 14222 / CIP 103919 / JCM 8153 / KCTC 15104) OX=243275 GN=ruvC PE=3 SV=1	0.45376238347635645
sp|P43471|SCRB_PEDPE Sucrose-6-phosphate hydrolase OS=Pediococcus pentosaceus OX=1255 GN=scrB PE=3 SV=2	sp|B2T756|RS12_PARPJ Small ribosomal subunit protein uS12 OS=Paraburkholderia phytofirmans (strain DSM 17436 / LMG 22146 / PsJN) OX=398527 GN=rpsL PE=3 SV=1	0.19756734655684757
sp|Q00361|ATP5I_BOVIN ATP synthase subunit e, mitochondrial OS=Bos taurus OX=9913 GN=ATP5ME PE=1 SV=2	sp|B3A0L6|ENOB_GADMO Beta-enolase (Fragment) OS=Gadus morhua OX=8049 GN=ENO3 PE=1 SV=1	0.33398614737234916
sp|A0LY71|FENR2_CHRFK Ferredoxin--NADP reductase 2 OS=Christiangramia forsetii (strain DSM 17595 / CGMCC 1.15422 / KT0803) OX=411154 GN=GFO_0330 PE=3 SV=1	sp|Q7WQN5|SECB_BORBR Protein-export protein SecB OS=Bordetella bronchiseptica (strain ATCC BAA-588 / NCTC 13252 / RB50) OX=257310 GN=secB PE=3 SV=1	0.19775539634280573
sp|Q3ABT5|SYFB_CARHZ Phenylalanine--tRNA ligase beta subunit OS=Carboxydothermus hydrogenoformans (strain ATCC BAA-161 / DSM 6008 / Z-2901) OX=246194 GN=pheT PE=3 SV=1	sp|Q633N5|SYFB_BACCZ Phenylalanine--tRNA ligase beta subunit OS=Bacillus cereus (strain ZK / E33L) OX=288681 GN=pheT PE=3 SV=1	0.27615005198452125
sp|A6WCH4|APT_KINRD Adenine phosphoribosyltransferase OS=Kineococcus radiotolerans (strain ATCC BAA-149 / DSM 14245 / SRS30216) OX=266940 GN=apt PE=3 SV=1	sp|Q2NV62|APT_SODGM Adenine phosphoribosyltransferase OS=Sodalis glossinidius (strain morsitans) OX=343509 GN=apt PE=3 SV=1	0.482378824417703
sp|B7IP12|SSRP_BACC2 SsrA-binding protein OS=Bacillus cereus (strain G9842) OX=405531 GN=smpB PE=3 SV=1	sp|Q0RR00|SSRP_FRAAA SsrA-binding protein OS=Frankia alni (strain DSM 45986 / CECT 9034 / ACN14a) OX=326424 GN=smpB PE=3 SV=1	0.6074982351131826
sp|Q7TTP0|HMP_BORPE Flavohemoprotein OS=Bordetella pertussis (strain Tohama I / ATCC BAA-589 / NCTC 13251) OX=257313 GN=hmp PE=3 SV=1	sp|Q9SJM4|STKLI_ARATH GLABROUS1 enhancer-binding protein-like 3 OS=Arabidopsis thaliana OX=3702 GN=GPL3 PE=1 SV=1	0.18284990024096306
sp|A5D7J1|LYRM9_BOVIN LYR motif-containing protein 9 OS=Bos taurus OX=9913 GN=LYRM9 PE=3 SV=1	sp|Q81MQ7|RPOY_BACAN DNA-directed RNA polymerase subunit epsilon OS=Bacillus anthracis OX=1392 GN=rpoY PE=3 SV=1	0.3096209554784215
sp|Q5P1F7|GLMM_AROAE Phosphoglucosamine mutase OS=Aromatoleum aromaticum (strain DSM 19018 / LMG 30748 / EbN1) OX=76114 GN=glmM PE=3 SV=1	sp|Q47LM7|GLMM_THEFY Phosphoglucosamine mutase OS=Thermobifida fusca (strain YX) OX=269800 GN=glmM PE=3 SV=1	0.34770999992748947
sp|A6TK64|ATPG_ALKMQ ATP synthase gamma chain OS=Alkaliphilus metalliredigens (strain QYMF) OX=293826 GN=atpG PE=3 SV=1	sp|B6I3X0|ATPG_ECOSE ATP synthase gamma chain OS=Escherichia coli (strain SE11) OX=409438 GN=atpG PE=3 SV=1	0.39149929585902693
sp|Q9H2F5|EPC1_HUMAN Enhancer of polycomb homolog 1 OS=Homo sapiens OX=9606 GN=EPC1 PE=1 SV=1	sp|A6LTC5|SYE_CLOB8 Glutamate--tRNA ligase OS=Clostridium beijerinckii (strain ATCC 51743 / NCIMB 8052) OX=290402 GN=gltX PE=3 SV=1	0.13792225388291818
sp|Q65176|VFB66_ASFB7 Transmembrane protein B66L OS=African swine fever virus (strain Badajoz 1971 Vero-adapted) OX=10498 GN=Ba71V-087 PE=3 SV=1	sp|A8GTP3|RL32_RICRS Large ribosomal subunit protein bL32 OS=Rickettsia rickettsii (strain Sheila Smith) OX=392021 GN=rpmF PE=3 SV=1	0.3719715095014844
sp|Q6HQX5|Y5405_BACAN UPF0324 membrane protein BA_5405/GBAA_5405/BAS5024 OS=Bacillus anthracis OX=1392 GN=BA_5405 PE=3 SV=2	sp|Q5HRT2|Y111_STAEQ UPF0324 membrane protein SERP0111 OS=Staphylococcus epidermidis (strain ATCC 35984 / DSM 28319 / BCRC 17069 / CCUG 31568 / BM 3577 / RP62A) OX=176279 GN=SERP0111 PE=3 SV=1	0.3157849405047562
sp|O31158|PRXC_PSEFL Non-heme chloroperoxidase OS=Pseudomonas fluorescens OX=294 GN=cpo PE=1 SV=3	sp|P77834|PUNA_GEOSE Purine nucleoside phosphorylase 1 OS=Geobacillus stearothermophilus OX=1422 GN=punA PE=1 SV=1	0.22487085487906092
sp|Q31ZV3|TRPA_SHIBS Tryptophan synthase alpha chain OS=Shigella boydii serotype 4 (strain Sb227) OX=300268 GN=trpA PE=3 SV=1	sp|Q2P0U3|TRPA_XANOM Tryptophan synthase alpha chain OS=Xanthomonas oryzae pv. oryzae (strain MAFF 311018) OX=342109 GN=trpA PE=3 SV=1	0.39443186689722654
sp|A4QKJ4|RR4_CAPBU Small ribosomal subunit protein uS4c OS=Capsella bursa-pastoris OX=3719 GN=rps4 PE=3 SV=1	sp|Q46LZ9|RS4_PROMT Small ribosomal subunit protein uS4 OS=Prochlorococcus marinus (strain NATL2A) OX=59920 GN=rpsD PE=3 SV=1	0.5070987770422953
sp|Q9DC33|HM20A_MOUSE High mobility group protein 20A OS=Mus musculus OX=10090 GN=Hmg20a PE=1 SV=1	sp|P0A6S5|FTSB_ECOLI Cell division protein FtsB OS=Escherichia coli (strain K12) OX=83333 GN=ftsB PE=1 SV=1	0.20306705020111032
sp|P24390|ERD21_HUMAN ER lumen protein-retaining receptor 1 OS=Homo sapiens OX=9606 GN=KDELR1 PE=1 SV=1	sp|P33947|ERD22_HUMAN ER lumen protein-retaining receptor 2 OS=Homo sapiens OX=9606 GN=KDELR2 PE=1 SV=1	0.9000976481237785
sp|A3QB93|RL21_SHELP Large ribosomal subunit protein bL21 OS=Shewanella loihica (strain ATCC BAA-1088 / PV-4) OX=323850 GN=rplU PE=3 SV=1	sp|B5REQ2|RL21_SALG2 Large ribosomal subunit protein bL21 OS=Salmonella gallinarum (strain 287/91 / NCTC 13346) OX=550538 GN=rplU PE=3 SV=1	0.8426700434278582
sp|A9HNA0|NUOA_GLUDA NADH-quinone oxidoreductase subunit A OS=Gluconacetobacter diazotrophicus (strain ATCC 49037 / DSM 5601 / CCUG 37298 / CIP 103539 / LMG 7603 / PAl5) OX=272568 GN=nuoA PE=3 SV=1	sp|A8A2F7|NUOA_ECOHS NADH-quinone oxidoreductase subunit A OS=Escherichia coli O9:H4 (strain HS) OX=331112 GN=nuoA PE=3 SV=1	0.43965495811854893
sp|Q6G4R6|LPXK_BARHE Tetraacyldisaccharide 4'-kinase OS=Bartonella henselae (strain ATCC 49882 / DSM 28221 / CCUG 30454 / Houston 1) OX=283166 GN=lpxK PE=3 SV=1	sp|B7LE13|LPXK_ECO55 Tetraacyldisaccharide 4'-kinase OS=Escherichia coli (strain 55989 / EAEC) OX=585055 GN=lpxK PE=3 SV=1	0.20255088414856587
sp|C3PM69|TSAD_RICAE tRNA N6-adenosine threonylcarbamoyltransferase OS=Rickettsia africae (strain ESF-5) OX=347255 GN=tsaD PE=3 SV=1	sp|C4K157|TSAD_RICPU tRNA N6-adenosine threonylcarbamoyltransferase OS=Rickettsia peacockii (strain Rustic) OX=562019 GN=tsaD PE=3 SV=1	0.9890100712846639
sp|P10799|VIRA_AGRT9 Wide host range VirA protein OS=Agrobacterium tumefaciens (strain 15955) OX=190386 GN=virA PE=1 SV=1	sp|O14019|HAL4_SCHPO Serine/threonine-protein kinase hal4 OS=Schizosaccharomyces pombe (strain 972 / ATCC 24843) OX=284812 GN=hal4 PE=1 SV=1	0.1398619840336247
sp|Q7CLU5|RL14_XANCP Large ribosomal subunit protein uL14 OS=Xanthomonas campestris pv. campestris (strain ATCC 33913 / DSM 3586 / NCPPB 528 / LMG 568 / P 25) OX=190485 GN=rplN PE=3 SV=1	sp|Q2S922|RL14_HAHCH Large ribosomal subunit protein uL14 OS=Hahella chejuensis (strain KCTC 2396) OX=349521 GN=rplN PE=3 SV=1	0.872018538794695
sp|B8D8D4|MUTL_BUCA5 DNA mismatch repair protein MutL OS=Buchnera aphidicola subsp. Acyrthosiphon pisum (strain 5A) OX=563178 GN=mutL PE=3 SV=1	sp|B1IT36|MUTL_ECOLC DNA mismatch repair protein MutL OS=Escherichia coli (strain ATCC 8739 / DSM 1576 / NBRC 3972 / NCIMB 8545 / WDCM 00012 / Crooks) OX=481805 GN=mutL PE=3 SV=1	0.1665505266995169
sp|Q2FYP3|CVFB_STAA8 Conserved virulence factor B OS=Staphylococcus aureus (strain NCTC 8325 / PS 47) OX=93061 GN=cvfB PE=1 SV=1	sp|Q2FH47|CVFB_STAA3 Conserved virulence factor B OS=Staphylococcus aureus (strain USA300) OX=367830 GN=cvfB PE=3 SV=1	1.0
sp|Q97UZ0|GLCT_SACS2 Glucose import system permease protein GlcT OS=Saccharolobus solfataricus (strain ATCC 35092 / DSM 1617 / JCM 11322 / P2) OX=273057 GN=glcT PE=1 SV=1	sp|Q02772|PT191_YEAST Mitochondrial protein PET191 OS=Saccharomyces cerevisiae (strain ATCC 204508 / S288c) OX=559292 GN=PET191 PE=1 SV=1	0.20270721697638908
sp|B5FAD3|CSRA_ALIFM Translational regulator CsrA OS=Aliivibrio fischeri (strain MJ11) OX=388396 GN=csrA PE=3 SV=1	sp|B8CJQ8|CSRA_SHEPW Translational regulator CsrA OS=Shewanella piezotolerans (strain WP3 / JCM 13877) OX=225849 GN=csrA PE=3 SV=1	0.804727787567826
sp|A6UTG8|FUCA_META3 L-fuculose phosphate aldolase OS=Methanococcus aeolicus (strain ATCC BAA-1280 / DSM 17508 / OCM 812 / Nankai-3) OX=419665 GN=fucA PE=3 SV=1	sp|Q8EPT2|Y2006_OCEIH UPF0473 protein OB2006 OS=Oceanobacillus iheyensis (strain DSM 14371 / CIP 107618 / JCM 11309 / KCTC 3954 / HTE831) OX=221109 GN=OB2006 PE=3 SV=1	0.26273328453431366
sp|B8ZKG3|RS3_STRPJ Small ribosomal subunit protein uS3 OS=Streptococcus pneumoniae (strain ATCC 700669 / Spain 23F-1) OX=561276 GN=rpsC PE=3 SV=1	sp|C1CIA3|RS3_STRZP Small ribosomal subunit protein uS3 OS=Streptococcus pneumoniae (strain P1031) OX=488223 GN=rpsC PE=3 SV=1	1.0
sp|Q810F0|PRIMA_MOUSE Proline-rich membrane anchor 1 OS=Mus musculus OX=10090 GN=Prima1 PE=1 SV=2	sp|Q8K9G2|RL27_BUCAP Large ribosomal subunit protein bL27 OS=Buchnera aphidicola subsp. Schizaphis graminum (strain Sg) OX=198804 GN=rpmA PE=3 SV=1	0.25927464069742345
sp|Q5HD61|PGCA_STAAC Phosphoglucomutase OS=Staphylococcus aureus (strain COL) OX=93062 GN=pgcA PE=3 SV=2	sp|Q6LW54|RNPA_PHOPR Ribonuclease P protein component OS=Photobacterium profundum (strain SS9) OX=298386 GN=rnpA PE=3 SV=1	0.15175236952549123
sp|Q5SJG6|GFH1_THET8 Transcription inhibitor protein Gfh1 OS=Thermus thermophilus (strain ATCC 27634 / DSM 579 / HB8) OX=300852 GN=gfh1 PE=1 SV=1	sp|A7NFC5|GREA_ROSCS Transcription elongation factor GreA OS=Roseiflexus castenholzii (strain DSM 13941 / HLO8) OX=383372 GN=greA PE=3 SV=1	0.32976910593840486
sp|P0A0Y0|RS4_XANAC Small ribosomal subunit protein uS4 OS=Xanthomonas axonopodis pv. citri (strain 306) OX=190486 GN=rpsD PE=3 SV=1	sp|Q04PW4|RS4_LEPBJ Small ribosomal subunit protein uS4 OS=Leptospira borgpetersenii serovar Hardjo-bovis (strain JB197) OX=355277 GN=rpsD PE=3 SV=1	0.5481151647238135
sp|B1LNC6|PUR7_ECOSM Phosphoribosylaminoimidazole-succinocarboxamide synthase OS=Escherichia coli (strain SMS-3-5 / SECEC) OX=439855 GN=purC PE=3 SV=1	sp|A6VX88|PUR7_MARMS Phosphoribosylaminoimidazole-succinocarboxamide synthase OS=Marinomonas sp. (strain MWYL1) OX=400668 GN=purC PE=3 SV=1	0.7489676735654124
sp|Q02455|MLP1_YEAST Protein MLP1 OS=Saccharomyces cerevisiae (strain ATCC 204508 / S288c) OX=559292 GN=MLP1 PE=1 SV=2	sp|A0A8P0N4K0|SCRIB_CANLF Protein scribble homolog OS=Canis lupus familiaris OX=9615 GN=SCRIB PE=1 SV=1	0.1253465454011346
sp|Q9H1C4|UN93B_HUMAN Protein unc-93 homolog B1 OS=Homo sapiens OX=9606 GN=UNC93B1 PE=1 SV=2	sp|Q1BZE9|ZAPD_BURO1 Cell division protein ZapD OS=Burkholderia orbicola (strain AU 1054) OX=331271 GN=zapD PE=3 SV=1	0.15504216856344732
sp|A7FXD5|PUR5_CLOB1 Phosphoribosylformylglycinamidine cyclo-ligase OS=Clostridium botulinum (strain ATCC 19397 / Type A) OX=441770 GN=purM PE=3 SV=1	sp|A5N0Q2|PUR5_CLOK5 Phosphoribosylformylglycinamidine cyclo-ligase OS=Clostridium kluyveri (strain ATCC 8527 / DSM 555 / NBRC 12016 / NCIMB 10680 / K1) OX=431943 GN=purM PE=3 SV=1	0.8151021829347271
sp|Q6DEG4|LTOR2_DANRE Ragulator complex protein LAMTOR2 OS=Danio rerio OX=7955 GN=lamtor2 PE=2 SV=1	sp|B7IA13|RL17_ACIB5 Large ribosomal subunit protein bL17 OS=Acinetobacter baumannii (strain AB0057) OX=480119 GN=rplQ PE=1 SV=1	0.30628391960956425
sp|B7N9U0|KDPB_ECOLU Potassium-transporting ATPase ATP-binding subunit OS=Escherichia coli O17:K52:H18 (strain UMN026 / ExPEC) OX=585056 GN=kdpB PE=3 SV=1	sp|C5A206|RL30E_THEGJ Large ribosomal subunit protein eL30 OS=Thermococcus gammatolerans (strain DSM 15229 / JCM 11827 / EJ3) OX=593117 GN=rpl30e PE=3 SV=1	0.15056044576260905
sp|A1VL56|F16A1_POLNA Fructose-1,6-bisphosphatase class 1 1 OS=Polaromonas naphthalenivorans (strain CJ2) OX=365044 GN=fbp1 PE=3 SV=1	sp|A1V6R5|F16PA_BURMS Fructose-1,6-bisphosphatase class 1 OS=Burkholderia mallei (strain SAVP1) OX=320388 GN=fbp PE=3 SV=1	0.47774348928709365
sp|A0A0A7HGA1|CSM4_STRTR CRISPR system Cms protein Csm4 OS=Streptococcus thermophilus OX=1308 GN=csm4 PE=1 SV=1	sp|P0DKG5|MCC08_ARATH MATH domain and coiled-coil domain-containing protein At2g42470 OS=Arabidopsis thaliana OX=3702 GN=At2g42470 PE=4 SV=1	0.2080552006454794
sp|Q92J42|ODO1_RICCN 2-oxoglutarate dehydrogenase E1 component OS=Rickettsia conorii (strain ATCC VR-613 / Malish 7) OX=272944 GN=sucA PE=3 SV=1	sp|P20707|ODO1_AZOVI 2-oxoglutarate dehydrogenase E1 component OS=Azotobacter vinelandii OX=354 GN=sucA PE=3 SV=1	0.19641966153230972
sp|A4X378|NTPP_SALTO Nucleoside triphosphate pyrophosphatase OS=Salinispora tropica (strain ATCC BAA-916 / DSM 44818 / JCM 13857 / NBRC 105044 / CNB-440) OX=369723 GN=Strop_0851 PE=3 SV=1	sp|Q3A7I0|NTPPA_SYNC1 dTTP/UTP pyrophosphatase OS=Syntrophotalea carbinolica (strain DSM 2380 / NBRC 103641 / GraBd1) OX=338963 GN=Pcar_0404 PE=3 SV=1	0.26036627190005435
sp|Q9KPH9|CARB_VIBCH Carbamoyl phosphate synthase large chain OS=Vibrio cholerae serotype O1 (strain ATCC 39315 / El Tor Inaba N16961) OX=243277 GN=carB PE=3 SV=1	sp|B0KBW4|CARB_THEP3 Carbamoyl phosphate synthase large chain OS=Thermoanaerobacter pseudethanolicus (strain ATCC 33223 / 39E) OX=340099 GN=carB PE=3 SV=1	0.20319767509084755
sp|A1JIQ7|RSGA_YERE8 Small ribosomal subunit biogenesis GTPase RsgA OS=Yersinia enterocolitica serotype O:8 / biotype 1B (strain NCTC 13174 / 8081) OX=393305 GN=rsgA PE=3 SV=1	sp|A5N4N2|RL33_CLOK5 Large ribosomal subunit protein bL33 OS=Clostridium kluyveri (strain ATCC 8527 / DSM 555 / NBRC 12016 / NCIMB 10680 / K1) OX=431943 GN=rpmG PE=3 SV=1	0.19826840236803117
sp|P43877|AROQ_ACTPL 3-dehydroquinate dehydratase OS=Actinobacillus pleuropneumoniae OX=715 GN=aroQ PE=1 SV=1	sp|Q6MYX3|3DHQ1_ASPFU Catabolic 3-dehydroquinase 1 OS=Aspergillus fumigatus (strain ATCC MYA-4609 / CBS 101355 / FGSC A1100 / Af293) OX=330879 GN=qutE1 PE=3 SV=1	0.5558373881399818
sp|Q5W0B7|TM236_HUMAN Transmembrane protein 236 OS=Homo sapiens OX=9606 GN=TMEM236 PE=1 SV=1	sp|P00517|KAPCA_BOVIN cAMP-dependent protein kinase catalytic subunit alpha OS=Bos taurus OX=9913 GN=PRKACA PE=1 SV=3	0.19397218379771697
sp|Q7MBQ5|CHEB2_VIBVY Protein-glutamate methylesterase/protein-glutamine glutaminase 2 OS=Vibrio vulnificus (strain YJ016) OX=196600 GN=cheB2 PE=3 SV=1	sp|Q9EXD8|ULAB_MYCPN Ascorbate-specific PTS system EIIB component OS=Mycoplasma pneumoniae (strain ATCC 29342 / M129 / Subtype 1) OX=272634 GN=ulaB PE=1 SV=1	0.1940533835307705
sp|A6X919|D19L1_MOUSE Protein C-mannosyl-transferase DPY19L1 OS=Mus musculus OX=10090 GN=Dpy19l1 PE=1 SV=1	sp|Q07921|TEN1_YEAST Telomere length regulation protein TEN1 OS=Saccharomyces cerevisiae (strain ATCC 204508 / S288c) OX=559292 GN=TEN1 PE=1 SV=1	0.13822116975541046
sp|Q5UR67|RIBX_MIMIV N-glycosidase R617 OS=Acanthamoeba polyphaga mimivirus OX=212035 GN=MIMI_R617 PE=3 SV=1	sp|Q96008|RT12_ALLCE Small ribosomal subunit protein uS12m OS=Allium cepa OX=4679 GN=RPS12 PE=2 SV=1	0.25566529196342325
sp|A6ZSB3|DBP6_YEAS7 ATP-dependent RNA helicase DBP6 OS=Saccharomyces cerevisiae (strain YJM789) OX=307796 GN=DBP6 PE=3 SV=1	sp|Q8JU55|VNS4_AQRVC Non-structural protein 4 OS=Aquareovirus C (isolate Golden shiner/USA/GSRV/1977) OX=185783 GN=S7 PE=3 SV=1	0.15549147240215225
sp|Q9LM92|SMD3B_ARATH Small nuclear ribonucleoprotein SmD3b OS=Arabidopsis thaliana OX=3702 GN=SMD3B PE=2 SV=1	sp|B0JLR5|GCSH_MICAN Glycine cleavage system H protein OS=Microcystis aeruginosa (strain NIES-843 / IAM M-2473) OX=449447 GN=gcvH PE=3 SV=1	0.2795743244227411
sp|B5E6F5|RL3_STRP4 Large ribosomal subunit protein uL3 OS=Streptococcus pneumoniae serotype 19F (strain G54) OX=512566 GN=rplC PE=3 SV=1	sp|Q2RFP7|RL3_MOOTA Large ribosomal subunit protein uL3 OS=Moorella thermoacetica (strain ATCC 39073 / JCM 9320) OX=264732 GN=rplC PE=3 SV=1	0.4091026758198508
sp|Q1C9V1|MGLA_YERPA Galactose/methyl galactoside import ATP-binding protein MglA OS=Yersinia pestis bv. Antiqua (strain Antiqua) OX=360102 GN=mglA PE=3 SV=1	sp|A2RKA7|NUPA_LACLM Nucleoside import ATP-binding protein NupA OS=Lactococcus lactis subsp. cremoris (strain MG1363) OX=416870 GN=nupA PE=1 SV=1	0.20495096730788606
sp|Q81JW1|PYRG_BACAN CTP synthase OS=Bacillus anthracis OX=1392 GN=pyrG PE=3 SV=1	sp|C3LFL2|PYRG_BACAC CTP synthase OS=Bacillus anthracis (strain CDC 684 / NRRL 3495) OX=568206 GN=pyrG PE=3 SV=1	1.0
sp|B3WDL9|ATPE_LACCB ATP synthase epsilon chain OS=Lacticaseibacillus casei (strain BL23) OX=543734 GN=atpC PE=3 SV=1	sp|Q3SF67|ATPE2_THIDA ATP synthase epsilon chain 2 OS=Thiobacillus denitrificans (strain ATCC 25259 / T1) OX=292415 GN=atpC2 PE=3 SV=1	0.28536405677055315
sp|Q1LWV4|LHX9_DANRE LIM/homeobox protein Lhx9 OS=Danio rerio OX=7955 GN=lhx9 PE=2 SV=1	sp|Q185S5|RRF_CLOD6 Ribosome-recycling factor OS=Clostridioides difficile (strain 630) OX=272563 GN=frr PE=3 SV=1	0.17507098005600105
sp|Q2P764|LEUD_XANOM 3-isopropylmalate dehydratase small subunit OS=Xanthomonas oryzae pv. oryzae (strain MAFF 311018) OX=342109 GN=leuD PE=3 SV=1	sp|Q21IY4|LEUD_SACD2 3-isopropylmalate dehydratase small subunit OS=Saccharophagus degradans (strain 2-40 / ATCC 43961 / DSM 17024) OX=203122 GN=leuD PE=3 SV=1	0.7484476125203717
sp|A9BBV1|PYRF_PROM4 Orotidine 5'-phosphate decarboxylase OS=Prochlorococcus marinus (strain MIT 9211) OX=93059 GN=pyrF PE=3 SV=1	sp|A2RF05|PYRF_STRPG Orotidine 5'-phosphate decarboxylase OS=Streptococcus pyogenes serotype M5 (strain Manfredo) OX=160491 GN=pyrF PE=3 SV=1	0.2575291444179545
sp|Q8NYC7|NANA_STAAW N-acetylneuraminate lyase OS=Staphylococcus aureus (strain MW2) OX=196620 GN=nanA PE=3 SV=1	sp|B1IBH4|DAPA_STRPI 4-hydroxy-tetrahydrodipicolinate synthase OS=Streptococcus pneumoniae (strain Hungary19A-6) OX=487214 GN=dapA PE=3 SV=1	0.28225063039344533
sp|B5XUR6|PDUW_KLEP3 Propionate kinase OS=Klebsiella pneumoniae (strain 342) OX=507522 GN=pduW PE=3 SV=1	sp|Q633F8|ACKA_BACCZ Acetate kinase OS=Bacillus cereus (strain ZK / E33L) OX=288681 GN=ackA PE=3 SV=1	0.6042153777101577
sp|P03336|GAG_MLVAV Gag polyprotein OS=AKV murine leukemia virus OX=11791 GN=gag PE=1 SV=3	sp|Q2YQS8|MIAB_BRUA2 tRNA-2-methylthio-N(6)-dimethylallyladenosine synthase OS=Brucella abortus (strain 2308) OX=359391 GN=miaB PE=3 SV=1	0.16493959303074282
sp|Q1R6H4|PNP_ECOUT Polyribonucleotide nucleotidyltransferase OS=Escherichia coli (strain UTI89 / UPEC) OX=364106 GN=pnp PE=3 SV=2	sp|Q1R6H4|PNP_ECOUT Polyribonucleotide nucleotidyltransferase OS=Escherichia coli (strain UTI89 / UPEC) OX=364106 GN=pnp PE=3 SV=2	1.0
sp|Q4KM93|TM177_RAT Transmembrane protein 177 OS=Rattus norvegicus OX=10116 GN=Tmem177 PE=2 SV=1	sp|P25008|CCNC_DROME Cyclin-C OS=Drosophila melanogaster OX=7227 GN=CycC PE=1 SV=1	0.185898624739964
sp|P9WFK3|Y504_MYCTU UPF0336 protein Rv0504c OS=Mycobacterium tuberculosis (strain ATCC 25618 / H37Rv) OX=83332 GN=Rv0504c PE=1 SV=1	sp|Q8ZVW1|RS14Z_PYRAE Small ribosomal subunit protein uS14 OS=Pyrobaculum aerophilum (strain ATCC 51768 / DSM 7523 / JCM 9630 / CIP 104966 / NBRC 100827 / IM2) OX=178306 GN=rps14 PE=3 SV=1	0.24345376438963506
sp|Q74C71|ACPS_GEOSL Holo-[acyl-carrier-protein] synthase OS=Geobacter sulfurreducens (strain ATCC 51573 / DSM 12127 / PCA) OX=243231 GN=acpS PE=3 SV=1	sp|B4TE11|ACPS_SALHS Holo-[acyl-carrier-protein] synthase OS=Salmonella heidelberg (strain SL476) OX=454169 GN=acpS PE=3 SV=1	0.4478773071351459
sp|Q4UMS9|RL3_RICFE Large ribosomal subunit protein uL3 OS=Rickettsia felis (strain ATCC VR-1525 / URRWXCal2) OX=315456 GN=rplC PE=3 SV=1	sp|Q0BUQ0|RL3_GRABC Large ribosomal subunit protein uL3 OS=Granulibacter bethesdensis (strain ATCC BAA-1260 / CGDNIH1) OX=391165 GN=rplC PE=3 SV=1	0.5512825662638402
sp|Q83G73|RRF_TROWT Ribosome-recycling factor OS=Tropheryma whipplei (strain Twist) OX=203267 GN=frr PE=3 SV=1	sp|A4QF29|RRF_CORGB Ribosome-recycling factor OS=Corynebacterium glutamicum (strain R) OX=340322 GN=frr PE=3 SV=1	0.4207438418204408
sp|Q9WVF9|CLC2I_MOUSE C-type lectin domain family 2 member I OS=Mus musculus OX=10090 GN=Clec2i PE=1 SV=1	sp|C1CIA3|RS3_STRZP Small ribosomal subunit protein uS3 OS=Streptococcus pneumoniae (strain P1031) OX=488223 GN=rpsC PE=3 SV=1	0.2507558223704896
sp|Q5ZYP2|RL4_LEGPH Large ribosomal subunit protein uL4 OS=Legionella pneumophila subsp. pneumophila (strain Philadelphia 1 / ATCC 33152 / DSM 7513) OX=272624 GN=rplD PE=3 SV=1	sp|A1S219|RL4_SHEAM Large ribosomal subunit protein uL4 OS=Shewanella amazonensis (strain ATCC BAA-1098 / SB2B) OX=326297 GN=rplD PE=3 SV=1	0.6714925107214131
sp|Q31WX0|TSAD_SHIBS tRNA N6-adenosine threonylcarbamoyltransferase OS=Shigella boydii serotype 4 (strain Sb227) OX=300268 GN=tsaD PE=3 SV=1	sp|Q7N0B6|TSAD_PHOLL tRNA N6-adenosine threonylcarbamoyltransferase OS=Photorhabdus laumondii subsp. laumondii (strain DSM 15139 / CIP 105565 / TT01) OX=243265 GN=tsaD PE=3 SV=1	0.8878934417555536
sp|Q8FBD0|PFKA_ECOL6 ATP-dependent 6-phosphofructokinase isozyme 1 OS=Escherichia coli O6:H1 (strain CFT073 / ATCC 700928 / UPEC) OX=199310 GN=pfkA PE=3 SV=2	sp|Q3YV62|PFKA_SHISS ATP-dependent 6-phosphofructokinase isozyme 1 OS=Shigella sonnei (strain Ss046) OX=300269 GN=pfkA PE=3 SV=1	0.9987765120430327
sp|Q2NEK9|RS7_METST Small ribosomal subunit protein uS7 OS=Methanosphaera stadtmanae (strain ATCC 43021 / DSM 3091 / JCM 11832 / MCB-3) OX=339860 GN=rps7 PE=3 SV=1	sp|O24111|RS5_NICPL Small ribosomal subunit protein uS7 (Fragment) OS=Nicotiana plumbaginifolia OX=4092 GN=RPS5 PE=2 SV=1	0.41941688296020385
sp|Q63T93|GLGE_BURPS Alpha-1,4-glucan:maltose-1-phosphate maltosyltransferase OS=Burkholderia pseudomallei (strain K96243) OX=272560 GN=glgE PE=3 SV=2	sp|B0SQH8|PNP_LEPBP Polyribonucleotide nucleotidyltransferase OS=Leptospira biflexa serovar Patoc (strain Patoc 1 / ATCC 23582 / Paris) OX=456481 GN=pnp PE=3 SV=1	0.1242670836336906
sp|Q24297|RUXF_DROME Small nuclear ribonucleoprotein F OS=Drosophila melanogaster OX=7227 GN=SmF PE=1 SV=2	sp|P62321|RUXF_XENLA Small nuclear ribonucleoprotein F OS=Xenopus laevis OX=8355 GN=snrpf PE=3 SV=1	0.8347426028421402
sp|A6Q6N9|RL13_SULNB Large ribosomal subunit protein uL13 OS=Sulfurovum sp. (strain NBC37-1) OX=387093 GN=rplM PE=3 SV=1	sp|Q7VIV6|RL13_HELHP Large ribosomal subunit protein uL13 OS=Helicobacter hepaticus (strain ATCC 51449 / 3B1) OX=235279 GN=rplM PE=3 SV=1	0.7380913568926382
sp|A8MDY9|ILVC_CALMQ Ketol-acid reductoisomerase (NADP(+)) OS=Caldivirga maquilingensis (strain ATCC 700844 / DSM 13496 / JCM 10307 / IC-167) OX=397948 GN=ilvC PE=3 SV=1	sp|Q6FZ98|ILVC_BARQU Ketol-acid reductoisomerase (NADP(+)) OS=Bartonella quintana (strain Toulouse) OX=283165 GN=ilvC PE=3 SV=1	0.46619768713130605
sp|Q9Z0E2|CHRD_MOUSE Chordin OS=Mus musculus OX=10090 GN=Chrd PE=1 SV=1	sp|Q9H2X0|CHRD_HUMAN Chordin OS=Homo sapiens OX=9606 GN=CHRD PE=1 SV=2	0.31731153493101316
sp|L7HZV6|H2A_PYRO3 Histone H2A OS=Pyricularia oryzae (strain Y34) OX=1143189 GN=HTA1 PE=2 SV=1	sp|Q5ZMD6|H2AZ_CHICK Histone H2A.Z OS=Gallus gallus OX=9031 GN=H2AFZ PE=1 SV=3	0.30295685473987527
sp|Q8CNE6|MOAA_STAES GTP 3',8-cyclase OS=Staphylococcus epidermidis (strain ATCC 12228 / FDA PCI 1200) OX=176280 GN=moaA PE=3 SV=1	sp|Q32I50|MOAA_SHIDS GTP 3',8-cyclase OS=Shigella dysenteriae serotype 1 (strain Sd197) OX=300267 GN=moaA PE=3 SV=1	0.2222662068214277
sp|Q7MYN5|DAPF_PHOLL Diaminopimelate epimerase OS=Photorhabdus laumondii subsp. laumondii (strain DSM 15139 / CIP 105565 / TT01) OX=243265 GN=dapF PE=3 SV=1	sp|C5BBD4|DAPF_EDWI9 Diaminopimelate epimerase OS=Edwardsiella ictaluri (strain 93-146) OX=634503 GN=dapF PE=3 SV=1	0.8618242724594365
sp|P61677|MURC_CORDI UDP-N-acetylmuramate--L-alanine ligase OS=Corynebacterium diphtheriae (strain ATCC 700971 / NCTC 13129 / Biotype gravis) OX=257309 GN=murC PE=3 SV=1	sp|A1UI53|MURC_MYCSK UDP-N-acetylmuramate--L-alanine ligase OS=Mycobacterium sp. (strain KMS) OX=189918 GN=murC PE=3 SV=1	0.3037194196087372
sp|Q5SF96|AAAP_ANAMM Appendage-associated protein OS=Anaplasma marginale (strain St. Maries) OX=234826 GN=aaaP PE=1 SV=1	sp|Q9M3M1|NDHJ_SPIOL NAD(P)H-quinone oxidoreductase subunit J, chloroplastic OS=Spinacia oleracea OX=3562 GN=ndhJ PE=3 SV=1	0.18136046282368198
sp|O34348|YFMC_BACSU Fe(3+)-citrate-binding protein YfmC OS=Bacillus subtilis (strain 168) OX=224308 GN=yfmC PE=2 SV=1	sp|P15028|FECB_ECOLI Fe(3+) dicitrate-binding periplasmic protein FecB OS=Escherichia coli (strain K12) OX=83333 GN=fecB PE=1 SV=3	0.20585718887918664
sp|B8HV47|RS10_CYAP4 Small ribosomal subunit protein uS10 OS=Cyanothece sp. (strain PCC 7425 / ATCC 29141) OX=395961 GN=rpsJ PE=3 SV=1	sp|A4T1U3|RS10_MYCGI Small ribosomal subunit protein uS10 OS=Mycolicibacterium gilvum (strain PYR-GCK) OX=350054 GN=rpsJ PE=3 SV=1	0.7025241780958219
sp|Q3ZZ10|TRPA_DEHMC Tryptophan synthase alpha chain OS=Dehalococcoides mccartyi (strain CBDB1) OX=255470 GN=trpA PE=3 SV=1	sp|A7X240|TRPA_STAA1 Tryptophan synthase alpha chain OS=Staphylococcus aureus (strain Mu3 / ATCC 700698) OX=418127 GN=trpA PE=3 SV=1	0.40515922049103015
sp|B3EFU4|RRF_CHLL2 Ribosome-recycling factor OS=Chlorobium limicola (strain DSM 245 / NBRC 103803 / 6330) OX=290315 GN=frr PE=3 SV=1	sp|B4SER6|RRF_PELPB Ribosome-recycling factor OS=Pelodictyon phaeoclathratiforme (strain DSM 5477 / BU-1) OX=324925 GN=frr PE=3 SV=1	0.912980469194115
sp|Q6PDE7|GGT6_MOUSE Glutathione hydrolase 6 OS=Mus musculus OX=10090 GN=Ggt6 PE=2 SV=1	sp|Q6IE08|GGT6_RAT Glutathione hydrolase 6 OS=Rattus norvegicus OX=10116 GN=Ggt6 PE=2 SV=1	0.7100606755122922
sp|Q13BH3|NUOCD_RHOPS NADH-quinone oxidoreductase subunit C/D OS=Rhodopseudomonas palustris (strain BisB5) OX=316057 GN=nuoC PE=3 SV=1	sp|C1DL16|NUOCD_AZOVD NADH-quinone oxidoreductase subunit C/D OS=Azotobacter vinelandii (strain DJ / ATCC BAA-1303) OX=322710 GN=nuoC PE=3 SV=1	0.5818400414690283
sp|B7URX3|RSXE_ECO27 Ion-translocating oxidoreductase complex subunit E OS=Escherichia coli O127:H6 (strain E2348/69 / EPEC) OX=574521 GN=rsxE PE=3 SV=1	sp|Q320Y9|RSXE_SHIBS Ion-translocating oxidoreductase complex subunit E OS=Shigella boydii serotype 4 (strain Sb227) OX=300268 GN=rsxE PE=3 SV=1	0.9983152596269713
sp|Q7V3T5|DNAK2_PROMM Chaperone protein dnaK2 OS=Prochlorococcus marinus (strain MIT 9313) OX=74547 GN=dnaK2 PE=3 SV=1	sp|Q1MPW1|DNAK_LAWIP Chaperone protein DnaK OS=Lawsonia intracellularis (strain PHE/MN1-00) OX=363253 GN=dnaK PE=3 SV=1	0.5948297885010477
sp|Q8KAF0|OBG_CHLTE GTPase Obg OS=Chlorobaculum tepidum (strain ATCC 49652 / DSM 12025 / NBRC 103806 / TLS) OX=194439 GN=obg PE=3 SV=1	sp|A7X361|OBG_STAA1 GTPase Obg OS=Staphylococcus aureus (strain Mu3 / ATCC 700698) OX=418127 GN=obg PE=3 SV=1	0.4048289445685174
sp|Q9GKR0|VEGFA_HORSE Vascular endothelial growth factor A OS=Equus caballus OX=9796 GN=VEGFA PE=2 SV=1	sp|P67965|VEGFA_COTJA Vascular endothelial growth factor A OS=Coturnix japonica OX=93934 GN=VEGFA PE=2 SV=1	0.4017739994347633
sp|A2BT11|CH10_PROMS Co-chaperonin GroES OS=Prochlorococcus marinus (strain AS9601) OX=146891 GN=groES PE=3 SV=1	sp|P61493|CH10_THET8 Co-chaperonin GroES OS=Thermus thermophilus (strain ATCC 27634 / DSM 579 / HB8) OX=300852 GN=groES PE=1 SV=2	0.6418397684037681
sp|Q32L60|TRI13_BOVIN E3 ubiquitin-protein ligase TRIM13 OS=Bos taurus OX=9913 GN=TRIM13 PE=2 SV=2	sp|Q5QA80|PETL_ACOGR Cytochrome b6-f complex subunit 6 OS=Acorus gramineus OX=55184 GN=petL PE=3 SV=1	0.17779403794167703
sp|Q95M75|RHBG_PIG Ammonium transporter Rh type B OS=Sus scrofa OX=9823 GN=RHBG PE=2 SV=1	sp|Q69D47|RHBG_ORYLA Ammonium transporter Rh type B OS=Oryzias latipes OX=8090 GN=rhbg PE=2 SV=1	0.6393817607405662
sp|Q9NRV9|HEBP1_HUMAN Heme-binding protein 1 OS=Homo sapiens OX=9606 GN=HEBP1 PE=1 SV=1	sp|Q148C9|HEBP1_BOVIN Heme-binding protein 1 OS=Bos taurus OX=9913 GN=HEBP1 PE=2 SV=1	0.8628896453497013
sp|P9WG33|TAL_MYCTU Transaldolase OS=Mycobacterium tuberculosis (strain ATCC 25618 / H37Rv) OX=83332 GN=tal PE=1 SV=1	sp|Q0RH18|TAL_FRAAA Transaldolase OS=Frankia alni (strain DSM 45986 / CECT 9034 / ACN14a) OX=326424 GN=tal PE=3 SV=1	0.4048010953774097
sp|Q9K1J3|RL11_NEIMB Large ribosomal subunit protein uL11 OS=Neisseria meningitidis serogroup B (strain ATCC BAA-335 / MC58) OX=122586 GN=rplK PE=3 SV=1	sp|Q9K1J3|RL11_NEIMB Large ribosomal subunit protein uL11 OS=Neisseria meningitidis serogroup B (strain ATCC BAA-335 / MC58) OX=122586 GN=rplK PE=3 SV=1	1.0
sp|B3QRD8|OBG_CHLP8 GTPase Obg OS=Chlorobaculum parvum (strain DSM 263 / NCIMB 8327) OX=517417 GN=obg PE=3 SV=1	sp|A7X361|OBG_STAA1 GTPase Obg OS=Staphylococcus aureus (strain Mu3 / ATCC 700698) OX=418127 GN=obg PE=3 SV=1	0.4121479647420244
sp|P48695|RBL_COLOB Ribulose bisphosphate carboxylase large chain OS=Coleochaete orbicularis OX=3124 GN=rbcL PE=3 SV=1	sp|Q0G9V4|RBL_DAUCA Ribulose bisphosphate carboxylase large chain OS=Daucus carota OX=4039 GN=rbcL PE=3 SV=1	0.9455463210653045
sp|A5USJ2|EFG_ROSS1 Elongation factor G OS=Roseiflexus sp. (strain RS-1) OX=357808 GN=fusA PE=3 SV=1	sp|A8Z6I6|EFG_CAMC1 Elongation factor G OS=Campylobacter concisus (strain 13826) OX=360104 GN=fusA PE=3 SV=1	0.3986508749368111
sp|Q2PZI1|D19L1_HUMAN Protein C-mannosyl-transferase DPY19L1 OS=Homo sapiens OX=9606 GN=DPY19L1 PE=1 SV=1	sp|Q83Q04|MDH_SHIFL Malate dehydrogenase OS=Shigella flexneri OX=623 GN=mdh PE=3 SV=2	0.1496343328656364
sp|P11279|LAMP1_HUMAN Lysosome-associated membrane glycoprotein 1 OS=Homo sapiens OX=9606 GN=LAMP1 PE=1 SV=3	sp|P05300|LAMP1_CHICK Lysosome-associated membrane glycoprotein 1 OS=Gallus gallus OX=9031 GN=LAMP1 PE=2 SV=1	0.31112916999155155
sp|Q9Y3D3|RT16_HUMAN Small ribosomal subunit protein bS16m OS=Homo sapiens OX=9606 GN=MRPS16 PE=1 SV=1	sp|Q16AN8|RS16_ROSDO Small ribosomal subunit protein bS16 OS=Roseobacter denitrificans (strain ATCC 33942 / OCh 114) OX=375451 GN=rpsP PE=3 SV=1	0.35834607105182686
sp|B0VBU8|DCHS_ACIBY Histidine decarboxylase OS=Acinetobacter baumannii (strain AYE) OX=509173 GN=hdc PE=3 SV=1	sp|Q8UCS6|URE3_AGRFC Urease subunit gamma OS=Agrobacterium fabrum (strain C58 / ATCC 33970) OX=176299 GN=ureA PE=3 SV=2	0.19936062997779044
sp|A1A1N3|PGK_BIFAA Phosphoglycerate kinase OS=Bifidobacterium adolescentis (strain ATCC 15703 / DSM 20083 / NCTC 11814 / E194a) OX=367928 GN=pgk PE=3 SV=1	sp|C1B4L7|PGK_RHOOB Phosphoglycerate kinase OS=Rhodococcus opacus (strain B4) OX=632772 GN=pgk PE=3 SV=1	0.24154287088538492
sp|O13926|YF66_SCHPO UPF0665 family protein C23C4.06c OS=Schizosaccharomyces pombe (strain 972 / ATCC 24843) OX=284812 GN=SPAC23C4.06c PE=3 SV=1	sp|Q09177|RPAC2_SCHPO DNA-directed RNA polymerases I and III subunit RPAC2 OS=Schizosaccharomyces pombe (strain 972 / ATCC 24843) OX=284812 GN=rpc19 PE=1 SV=1	0.20276689120763794
sp|A7ZD16|SECA_CAMC1 Protein translocase subunit SecA OS=Campylobacter concisus (strain 13826) OX=360104 GN=secA PE=3 SV=1	sp|B9KFM5|SECA_CAMLR Protein translocase subunit SecA OS=Campylobacter lari (strain RM2100 / D67 / ATCC BAA-1060) OX=306263 GN=secA PE=3 SV=1	0.43877745650732786
sp|A6U170|XERC_STAA2 Tyrosine recombinase XerC OS=Staphylococcus aureus (strain JH1) OX=359787 GN=xerC PE=3 SV=1	sp|A6QGF2|XERC_STAAE Tyrosine recombinase XerC OS=Staphylococcus aureus (strain Newman) OX=426430 GN=xerC PE=3 SV=1	0.9900525246419448
sp|B7VPY4|PDXH_VIBA3 Pyridoxine/pyridoxamine 5'-phosphate oxidase OS=Vibrio atlanticus (strain LGP32) OX=575788 GN=pdxH PE=3 SV=1	sp|Q87FE9|PDXH_VIBPA Pyridoxine/pyridoxamine 5'-phosphate oxidase OS=Vibrio parahaemolyticus serotype O3:K6 (strain RIMD 2210633) OX=223926 GN=pdxH PE=3 SV=1	0.9180363883917042
sp|Q9JME9|VTM2B_MOUSE V-set and transmembrane domain-containing protein 2B OS=Mus musculus OX=10090 GN=Vstm2b PE=2 SV=1	sp|O35011|RPOZ_BACSU DNA-directed RNA polymerase subunit omega OS=Bacillus subtilis (strain 168) OX=224308 GN=rpoZ PE=1 SV=1	0.21255399588245824
sp|Q4ZVH4|1A1D_PSEU2 1-aminocyclopropane-1-carboxylate deaminase OS=Pseudomonas syringae pv. syringae (strain B728a) OX=205918 GN=acdS PE=3 SV=1	sp|Q2T6A1|1A1D_BURTA 1-aminocyclopropane-1-carboxylate deaminase OS=Burkholderia thailandensis (strain ATCC 700388 / DSM 13276 / CCUG 48851 / CIP 106301 / E264) OX=271848 GN=acdS PE=3 SV=1	0.8035029413848984
sp|C3NEP6|PYRI_SULIY Aspartate carbamoyltransferase regulatory chain OS=Sulfolobus islandicus (strain Y.G.57.14 / Yellowstone #1) OX=439386 GN=pyrI PE=3 SV=1	sp|B5FSF2|PYRI_SALDC Aspartate carbamoyltransferase regulatory chain OS=Salmonella dublin (strain CT_02021853) OX=439851 GN=pyrI PE=3 SV=1	0.4349910425374968
sp|O43109|HSP90_PODAS Heat shock protein 90 homolog OS=Podospora anserina OX=2587412 GN=MOD-E PE=3 SV=1	sp|Q5WJE6|HTPG_SHOC1 Chaperone protein HtpG OS=Shouchella clausii (strain KSM-K16) OX=66692 GN=htpG PE=3 SV=1	0.15986805128975146
sp|A1USI1|NRDR_BARBK Transcriptional repressor NrdR OS=Bartonella bacilliformis (strain ATCC 35685 / KC583 / Herrer 020/F12,63) OX=360095 GN=nrdR PE=3 SV=1	sp|Q0C0I6|NRDR_HYPNA Transcriptional repressor NrdR OS=Hyphomonas neptunium (strain ATCC 15444) OX=228405 GN=nrdR PE=3 SV=1	0.6301363231607755
sp|Q6T5B7|AGO3_BOVIN Protein argonaute-3 OS=Bos taurus OX=9913 GN=AGO3 PE=2 SV=2	sp|Q1I4U6|YACG_PSEE4 DNA gyrase inhibitor YacG OS=Pseudomonas entomophila (strain L48) OX=384676 GN=yacG PE=3 SV=1	0.1430723704849732
sp|O93809|CHS5_PYRGI Chitin synthase csm1 OS=Pyricularia grisea OX=148305 GN=csm1 PE=2 SV=1	sp|Q057A7|RL2_BUCCC Large ribosomal subunit protein uL2 OS=Buchnera aphidicola subsp. Cinara cedri (strain Cc) OX=372461 GN=rplB PE=3 SV=1	0.12184515634424369
sp|Q0VPS7|Y1373_ALCBS UPF0060 membrane protein ABO_1373 OS=Alcanivorax borkumensis (strain ATCC 700651 / DSM 11573 / NCIMB 13689 / SK2) OX=393595 GN=ABO_1373 PE=3 SV=1	sp|A1RH70|Y1172_SHESW UPF0060 membrane protein Sputw3181_1172 OS=Shewanella sp. (strain W3-18-1) OX=351745 GN=Sputw3181_1172 PE=3 SV=1	0.7702047250389663
sp|Q98MZ6|KDSA_RHILO 2-dehydro-3-deoxyphosphooctonate aldolase OS=Mesorhizobium japonicum (strain LMG 29417 / CECT 9101 / MAFF 303099) OX=266835 GN=kdsA PE=3 SV=2	sp|A8GUR8|KDSA_RICB8 2-dehydro-3-deoxyphosphooctonate aldolase OS=Rickettsia bellii (strain OSU 85-389) OX=391896 GN=kdsA PE=3 SV=1	0.5610930859718203
sp|Q6AFI7|TRPD_LEIXX Anthranilate phosphoribosyltransferase OS=Leifsonia xyli subsp. xyli (strain CTCB07) OX=281090 GN=trpD PE=3 SV=1	sp|Q0BTY4|TRPD_GRABC Anthranilate phosphoribosyltransferase OS=Granulibacter bethesdensis (strain ATCC BAA-1260 / CGDNIH1) OX=391165 GN=trpD PE=3 SV=1	0.35574666309453407
sp|Q9ZDE7|SYP_RICPR Proline--tRNA ligase OS=Rickettsia prowazekii (strain Madrid E) OX=272947 GN=proS PE=3 SV=1	sp|A8I438|SYP_AZOC5 Proline--tRNA ligase OS=Azorhizobium caulinodans (strain ATCC 43989 / DSM 5975 / JCM 20966 / LMG 6465 / NBRC 14845 / NCIMB 13405 / ORS 571) OX=438753 GN=proS PE=3 SV=1	0.39517043490355647
sp|Q5YRK2|SSUB3_NOCFA Aliphatic sulfonates import ATP-binding protein SsuB 3 OS=Nocardia farcinica (strain IFM 10152) OX=247156 GN=ssuB3 PE=3 SV=1	sp|Q63TW1|SSUB_BURPS Aliphatic sulfonates import ATP-binding protein SsuB OS=Burkholderia pseudomallei (strain K96243) OX=272560 GN=ssuB PE=3 SV=1	0.2622573224628982
sp|A1SL49|HIS3_NOCSJ Phosphoribosyl-AMP cyclohydrolase OS=Nocardioides sp. (strain ATCC BAA-499 / JS614) OX=196162 GN=hisI PE=3 SV=1	sp|Q5YYP1|HIS3_NOCFA Phosphoribosyl-AMP cyclohydrolase OS=Nocardia farcinica (strain IFM 10152) OX=247156 GN=hisI PE=3 SV=1	0.6186983754299156
sp|A8MKZ5|FOLD_ALKOO Bifunctional protein FolD OS=Alkaliphilus oremlandii (strain OhILAs) OX=350688 GN=folD PE=3 SV=1	sp|Q73HK3|FOLD_WOLPM Bifunctional protein FolD OS=Wolbachia pipientis wMel OX=163164 GN=folD PE=3 SV=1	0.4849328761152586
sp|A7GV58|ATPA_BACCN ATP synthase subunit alpha OS=Bacillus cytotoxicus (strain DSM 22905 / CIP 110041 / 391-98 / NVH 391-98) OX=315749 GN=atpA PE=3 SV=1	sp|C3P1F6|ATPA_BACAA ATP synthase subunit alpha OS=Bacillus anthracis (strain A0248) OX=592021 GN=atpA PE=3 SV=1	0.9789727386033619
sp|O45166|FOLT2_CAEEL Folate-like transporter 2 OS=Caenorhabditis elegans OX=6239 GN=folt-2 PE=3 SV=1	sp|B5FIY3|SFSA_SALDC Sugar fermentation stimulation protein A OS=Salmonella dublin (strain CT_02021853) OX=439851 GN=sfsA PE=3 SV=1	0.17836343113192057
sp|P20578|TRPC_PSEPU Indole-3-glycerol phosphate synthase OS=Pseudomonas putida OX=303 GN=trpC PE=3 SV=1	sp|Q9KCB2|TRPC_HALH5 Indole-3-glycerol phosphate synthase OS=Halalkalibacterium halodurans (strain ATCC BAA-125 / DSM 18197 / FERM 7344 / JCM 9153 / C-125) OX=272558 GN=trpC PE=3 SV=1	0.37361777235590043
sp|P0DKK4|PSA4C_ORYSJ Proteasome subunit alpha type-4-3 OS=Oryza sativa subsp. japonica OX=39947 GN=Os06g0177100 PE=3 SV=1	sp|C4KHD9|PSA_SULIK Proteasome subunit alpha OS=Sulfolobus islandicus (strain M.16.4 / Kamchatka #3) OX=426118 GN=psmA PE=3 SV=1	0.26159030910737735
sp|P37542|YABA_BACSU Initiation-control protein YabA OS=Bacillus subtilis (strain 168) OX=224308 GN=yabA PE=1 SV=1	sp|C5D355|YABA_GEOSW Initiation-control protein YabA OS=Geobacillus sp. (strain WCH70) OX=471223 GN=GWCH70_0029 PE=3 SV=1	0.3740990675795664
sp|P13001|BIOH_ECOLI Pimeloyl-[acyl-carrier protein] methyl ester esterase OS=Escherichia coli (strain K12) OX=83333 GN=bioH PE=1 SV=1	sp|C0Q0I5|BIOH_SALPC Pimeloyl-[acyl-carrier protein] methyl ester esterase OS=Salmonella paratyphi C (strain RKS4594) OX=476213 GN=bioH PE=3 SV=1	0.886752152584847
sp|Q42569|C90A1_ARATH 3beta,22alpha-dihydroxysteroid 3-dehydrogenase OS=Arabidopsis thaliana OX=3702 GN=CYP90A1 PE=1 SV=1	sp|B8AV52|C724B_ORYSI Cytochrome P450 724B1 OS=Oryza sativa subsp. indica OX=39946 GN=CYP724B1 PE=3 SV=1	0.1705353584395026
sp|B8J1U2|RS16_DESDA Small ribosomal subunit protein bS16 OS=Desulfovibrio desulfuricans (strain ATCC 27774 / DSM 6949 / MB) OX=525146 GN=rpsP PE=3 SV=1	sp|Q834F9|RS16_ENTFA Small ribosomal subunit protein bS16 OS=Enterococcus faecalis (strain ATCC 700802 / V583) OX=226185 GN=rpsP PE=1 SV=1	0.5625892441513608
sp|Q5BGN5|NPL4_EMENI Nuclear protein localization protein 4 OS=Emericella nidulans (strain FGSC A4 / ATCC 38163 / CBS 112.46 / NRRL 194 / M139) OX=227321 GN=npl4 PE=3 SV=2	sp|B1A957|RR18_CARPA Small ribosomal subunit protein bS18c OS=Carica papaya OX=3649 GN=rps18 PE=3 SV=1	0.14749967679406184
sp|A7FZ91|SYC_CLOB1 Cysteine--tRNA ligase OS=Clostridium botulinum (strain ATCC 19397 / Type A) OX=441770 GN=cysS PE=3 SV=1	sp|Q890M4|SYC_CLOTE Cysteine--tRNA ligase OS=Clostridium tetani (strain Massachusetts / E88) OX=212717 GN=cysS PE=3 SV=1	0.861793370896724
sp|Q9H324|ATS10_HUMAN A disintegrin and metalloproteinase with thrombospondin motifs 10 OS=Homo sapiens OX=9606 GN=ADAMTS10 PE=1 SV=2	sp|Q8TGA2|AFLA_ASPPU Fatty acid synthase alpha subunit aflA OS=Aspergillus parasiticus (strain ATCC 56775 / NRRL 5862 / SRRC 143 / SU-1) OX=1403190 GN=aflA PE=3 SV=1	0.13543588235979884
sp|C4LA17|RSMH_TOLAT Ribosomal RNA small subunit methyltransferase H OS=Tolumonas auensis (strain DSM 9187 / NBRC 110442 / TA 4) OX=595494 GN=rsmH PE=3 SV=1	sp|A8G9R9|RSMH_SERP5 Ribosomal RNA small subunit methyltransferase H OS=Serratia proteamaculans (strain 568) OX=399741 GN=rsmH PE=3 SV=1	0.6428620273852691
sp|Q9LV87|PEP1_ARATH Precursor of elicitor peptide 1 OS=Arabidopsis thaliana OX=3702 GN=PROPEP1 PE=1 SV=1	sp|A9KKC8|RS18_LACP7 Small ribosomal subunit protein bS18 OS=Lachnoclostridium phytofermentans (strain ATCC 700394 / DSM 18823 / ISDg) OX=357809 GN=rpsR PE=3 SV=2	0.31136465894307525
sp|A8Z2H0|RUVA_STAAT Holliday junction branch migration complex subunit RuvA OS=Staphylococcus aureus (strain USA300 / TCH1516) OX=451516 GN=ruvA PE=3 SV=1	sp|P66751|RUVA_STRP1 Holliday junction branch migration complex subunit RuvA OS=Streptococcus pyogenes serotype M1 OX=301447 GN=ruvA PE=3 SV=1	0.42185428519783175
sp|Q8L828|COB23_ARATH Coatomer subunit beta'-3 OS=Arabidopsis thaliana OX=3702 GN=At3g15980 PE=2 SV=1	sp|P0C805|PSMA3_STAA8 Phenol-soluble modulin alpha 3 peptide OS=Staphylococcus aureus (strain NCTC 8325 / PS 47) OX=93061 GN=psmA3 PE=1 SV=1	0.12786774110559931
sp|P18834|COL14_CAEEL Cuticle collagen 14 OS=Caenorhabditis elegans OX=6239 GN=col-14 PE=3 SV=2	sp|Q82UZ9|RPPH_NITEU RNA pyrophosphohydrolase OS=Nitrosomonas europaea (strain ATCC 19718 / CIP 103999 / KCTC 2705 / NBRC 14298) OX=228410 GN=rppH PE=3 SV=1	0.18643652331991292
sp|A2SPL3|RL24_METLZ Large ribosomal subunit protein uL24 OS=Methanocorpusculum labreanum (strain ATCC 43576 / DSM 4855 / Z) OX=410358 GN=rpl24 PE=3 SV=1	sp|A6UWU9|RL24_META3 Large ribosomal subunit protein uL24 OS=Methanococcus aeolicus (strain ATCC BAA-1280 / DSM 17508 / OCM 812 / Nankai-3) OX=419665 GN=rpl24 PE=3 SV=1	0.4931906640508155
sp|Q0MQD2|NDUB3_PANTR NADH dehydrogenase [ubiquinone] 1 beta subcomplex subunit 3 OS=Pan troglodytes OX=9598 GN=NDUFB3 PE=3 SV=3	sp|Q47BQ2|RL31_DECAR Large ribosomal subunit protein bL31 OS=Dechloromonas aromatica (strain RCB) OX=159087 GN=rpmE PE=3 SV=1	0.3067480292849346
sp|P28696|YAAI_ECOLI UPF0412 protein YaaI OS=Escherichia coli (strain K12) OX=83333 GN=yaaI PE=3 SV=1	sp|P0C805|PSMA3_STAA8 Phenol-soluble modulin alpha 3 peptide OS=Staphylococcus aureus (strain NCTC 8325 / PS 47) OX=93061 GN=psmA3 PE=1 SV=1	0.2758411293593076
sp|B1HQG9|PLSX_LYSSC Phosphate acyltransferase OS=Lysinibacillus sphaericus (strain C3-41) OX=444177 GN=plsX PE=3 SV=1	sp|C1C9T4|PLSX_STRP7 Phosphate acyltransferase OS=Streptococcus pneumoniae (strain 70585) OX=488221 GN=plsX PE=3 SV=1	0.4004092984163707
sp|Q5S3I4|DDMB_STEMA Dicamba O-demethylase, ferredoxin component OS=Stenotrophomonas maltophilia OX=40324 GN=ddmB PE=1 SV=1	sp|Q9X8U2|RS6_STRCO Small ribosomal subunit protein bS6 OS=Streptomyces coelicolor (strain ATCC BAA-471 / A3(2) / M145) OX=100226 GN=rpsF PE=3 SV=1	0.3246716123587821
sp|P37747|GLF_ECOLI UDP-galactopyranose mutase OS=Escherichia coli (strain K12) OX=83333 GN=glf PE=1 SV=1	sp|O29049|UPPS_ARCFU Tritrans,polycis-undecaprenyl-diphosphate synthase (geranylgeranyl-diphosphate specific) OS=Archaeoglobus fulgidus (strain ATCC 49558 / DSM 4304 / JCM 9628 / NBRC 100126 / VC-16) OX=224325 GN=uppS PE=3 SV=1	0.1858063452098414
sp|P0DV27|PCTM2_ECOLX Pycsar effector protein Ec303145PycTM OS=Escherichia coli OX=562 GN=pycTM PE=3 SV=1	sp|B2S7T1|KCY_BRUA1 Cytidylate kinase OS=Brucella abortus (strain S19) OX=430066 GN=cmk PE=3 SV=1	0.22893146098222192
sp|Q1QSR9|TRMB_CHRSD tRNA (guanine-N(7)-)-methyltransferase OS=Chromohalobacter salexigens (strain ATCC BAA-138 / DSM 3043 / CIP 106854 / NCIMB 13768 / 1H11) OX=290398 GN=trmB PE=3 SV=1	sp|Q7VN18|TRMB_HAEDU tRNA (guanine-N(7)-)-methyltransferase OS=Haemophilus ducreyi (strain 35000HP / ATCC 700724) OX=233412 GN=trmB PE=3 SV=1	0.3571170011324473
sp|B7MGG6|RAVA_ECO45 ATPase RavA OS=Escherichia coli O45:K1 (strain S88 / ExPEC) OX=585035 GN=ravA PE=3 SV=1	sp|Q7NA81|RAVA_PHOLL ATPase RavA OS=Photorhabdus laumondii subsp. laumondii (strain DSM 15139 / CIP 105565 / TT01) OX=243265 GN=ravA PE=3 SV=1	0.5431628817226116
sp|A0R1T3|MHPB_MYCS2 2,3-dihydroxyphenylpropionate/2,3-dihydroxicinnamic acid 1,2-dioxygenase OS=Mycolicibacterium smegmatis (strain ATCC 700084 / mc(2)155) OX=246196 GN=mhpB PE=3 SV=2	sp|Q2LG20|M1_I05A1 Matrix protein 1 OS=Influenza A virus (strain A/Goose/Guangxi/345/2005 H5N1 genotype G) OX=365089 GN=M PE=3 SV=1	0.18869252661383534
sp|Q5IRJ6|ZNT9_MOUSE Proton-coupled zinc antiporter SLC30A9, mitochondrial OS=Mus musculus OX=10090 GN=Slc30a9 PE=1 SV=2	sp|A7ZI99|HOA_ECO24 4-hydroxy-2-oxovalerate aldolase OS=Escherichia coli O139:H28 (strain E24377A / ETEC) OX=331111 GN=mhpE PE=3 SV=1	0.15590494992865636
sp|B5RMK6|ERA_BORDL GTPase Era OS=Borrelia duttonii (strain Ly) OX=412419 GN=era PE=3 SV=1	sp|A6LRP9|ERA_CLOB8 GTPase Era OS=Clostridium beijerinckii (strain ATCC 51743 / NCIMB 8052) OX=290402 GN=era PE=3 SV=1	0.36869521270772887
sp|B8G289|Y1351_DESHD UPF0751 protein Dhaf_1351 OS=Desulfitobacterium hafniense (strain DSM 10664 / DCB-2) OX=272564 GN=Dhaf_1351 PE=3 SV=1	sp|B7I1E1|Y5972_BACC7 UPF0751 protein BCAH187_C0172 OS=Bacillus cereus (strain AH187) OX=405534 GN=BCAH187_C0172 PE=3 SV=1	0.34700285504518535
sp|B6EMW2|PGK_ALISL Phosphoglycerate kinase OS=Aliivibrio salmonicida (strain LFI1238) OX=316275 GN=pgk PE=3 SV=1	sp|P0A799|PGK_ECOLI Phosphoglycerate kinase OS=Escherichia coli (strain K12) OX=83333 GN=pgk PE=1 SV=2	0.7823392550582206
sp|P9WGE1|RSFB_MYCTU Anti-sigma-F factor antagonist RsfB OS=Mycobacterium tuberculosis (strain ATCC 25618 / H37Rv) OX=83332 GN=rsfB PE=1 SV=1	sp|O66485|RS11_AQUAE Small ribosomal subunit protein uS11 OS=Aquifex aeolicus (strain VF5) OX=224324 GN=rpsK PE=3 SV=1	0.2781768727606281
sp|A1UU53|RS15_BARBK Small ribosomal subunit protein uS15 OS=Bartonella bacilliformis (strain ATCC 35685 / KC583 / Herrer 020/F12,63) OX=360095 GN=rpsO PE=3 SV=1	sp|A8FDD6|RS15_BACP2 Small ribosomal subunit protein uS15 OS=Bacillus pumilus (strain SAFR-032) OX=315750 GN=rpsO PE=3 SV=1	0.736030655961547
sp|B5ENR5|RLME_ACIF5 Ribosomal RNA large subunit methyltransferase E OS=Acidithiobacillus ferrooxidans (strain ATCC 53993 / BNL-5-31) OX=380394 GN=rlmE PE=3 SV=1	sp|Q3SJR5|RLME_THIDA Ribosomal RNA large subunit methyltransferase E OS=Thiobacillus denitrificans (strain ATCC 25259 / T1) OX=292415 GN=rlmE PE=3 SV=1	0.3568223433299759
sp|A8MHH0|EFTS_ALKOO Elongation factor Ts OS=Alkaliphilus oremlandii (strain OhILAs) OX=350688 GN=tsf PE=3 SV=1	sp|A7FPZ7|EFTS_CLOB1 Elongation factor Ts OS=Clostridium botulinum (strain ATCC 19397 / Type A) OX=441770 GN=tsf PE=3 SV=1	0.3222716925812147
sp|P60284|RPOC_STAAM DNA-directed RNA polymerase subunit beta' OS=Staphylococcus aureus (strain Mu50 / ATCC 700699) OX=158878 GN=rpoC PE=3 SV=1	sp|O83270|RPOC_TREPA DNA-directed RNA polymerase subunit beta' OS=Treponema pallidum (strain Nichols) OX=243276 GN=rpoC PE=3 SV=1	0.3275167278881806
sp|Q3M504|HIS81_TRIV2 Histidinol-phosphate aminotransferase 1 OS=Trichormus variabilis (strain ATCC 29413 / PCC 7937) OX=240292 GN=hisC1 PE=3 SV=1	sp|Q39YP6|HIS8_GEOMG Histidinol-phosphate aminotransferase OS=Geobacter metallireducens (strain ATCC 53774 / DSM 7210 / GS-15) OX=269799 GN=hisC PE=1 SV=1	0.326770815179088
sp|P91820|LST1_CAEEL Lateral signaling target 1 protein OS=Caenorhabditis elegans OX=6239 GN=lst-1 PE=1 SV=3	sp|Q9RWV7|SYW_DEIRA Tryptophan--tRNA ligase OS=Deinococcus radiodurans (strain ATCC 13939 / DSM 20539 / JCM 16871 / CCUG 27074 / LMG 4051 / NBRC 15346 / NCIMB 9279 / VKM B-1422 / R1) OX=243230 GN=trpS PE=3 SV=1	0.18970869375911162
sp|Q03W83|RL32_LEUMM Large ribosomal subunit protein bL32 OS=Leuconostoc mesenteroides subsp. mesenteroides (strain ATCC 8293 / DSM 20343 / BCRC 11652 / CCM 1803 / JCM 6124 / NCDO 523 / NBRC 100496 / NCIMB 8023 / NCTC 12954 / NRRL B-1118 / 37Y) OX=203120 GN=rpmF PE=3 SV=1	sp|B1MZN8|RL32_LEUCK Large ribosomal subunit protein bL32 OS=Leuconostoc citreum (strain KM20) OX=349519 GN=rpmF PE=3 SV=1	0.9065548262671018
sp|B9KNX6|RL19_CERSK Large ribosomal subunit protein bL19 OS=Cereibacter sphaeroides (strain KD131 / KCTC 12085) OX=557760 GN=rplS PE=3 SV=1	sp|O83879|RL19_TREPA Large ribosomal subunit protein bL19 OS=Treponema pallidum (strain Nichols) OX=243276 GN=rplS PE=3 SV=1	0.38793162749154514
sp|C1CEE7|LACG_STRZJ 6-phospho-beta-galactosidase OS=Streptococcus pneumoniae (strain JJA) OX=488222 GN=lacG PE=3 SV=1	sp|Q6P9X4|TP4A2_RAT Protein tyrosine phosphatase type IVA 2 OS=Rattus norvegicus OX=10116 GN=Ptp4a2 PE=2 SV=1	0.16843954803814215
sp|P11456|MPRD_BOVIN Cation-dependent mannose-6-phosphate receptor OS=Bos taurus OX=9913 GN=M6PR PE=1 SV=1	sp|A7FZ78|RL7_CLOB1 Large ribosomal subunit protein bL12 OS=Clostridium botulinum (strain ATCC 19397 / Type A) OX=441770 GN=rplL PE=3 SV=1	0.20568828333291567
sp|A5U4G2|UPPP_MYCTA Undecaprenyl-diphosphatase OS=Mycobacterium tuberculosis (strain ATCC 25177 / H37Ra) OX=419947 GN=uppP PE=3 SV=1	sp|Q7VEQ2|UPPP_MYCBO Undecaprenyl-diphosphatase OS=Mycobacterium bovis (strain ATCC BAA-935 / AF2122/97) OX=233413 GN=uppP PE=3 SV=1	0.9987692967638804
sp|Q53H96|P5CR3_HUMAN Pyrroline-5-carboxylate reductase 3 OS=Homo sapiens OX=9606 GN=PYCR3 PE=1 SV=3	sp|Q97Q19|LGT_STRPN Phosphatidylglycerol--prolipoprotein diacylglyceryl transferase OS=Streptococcus pneumoniae serotype 4 (strain ATCC BAA-334 / TIGR4) OX=170187 GN=lgt PE=3 SV=1	0.20539077819470739
sp|B1IBM3|MURA1_STRPI UDP-N-acetylglucosamine 1-carboxyvinyltransferase OS=Streptococcus pneumoniae (strain Hungary19A-6) OX=487214 GN=murA1 PE=1 SV=1	sp|Q5F5K6|MURA_NEIG1 UDP-N-acetylglucosamine 1-carboxyvinyltransferase OS=Neisseria gonorrhoeae (strain ATCC 700825 / FA 1090) OX=242231 GN=murA PE=3 SV=1	0.36275434338686574
sp|Q9KSU3|CMOB_VIBCH tRNA U34 carboxymethyltransferase OS=Vibrio cholerae serotype O1 (strain ATCC 39315 / El Tor Inaba N16961) OX=243277 GN=cmoB PE=3 SV=1	sp|A7ZMZ6|CMOB_ECO24 tRNA U34 carboxymethyltransferase OS=Escherichia coli O139:H28 (strain E24377A / ETEC) OX=331111 GN=cmoB PE=3 SV=1	0.7005694285710602
sp|Q91904|FXI1A_XENLA Forkhead box protein I1-A OS=Xenopus laevis OX=8355 GN=foxi1-a PE=1 SV=1	sp|P20994|PG146_VACCC Protein OPG146 OS=Vaccinia virus (strain Copenhagen) OX=10249 GN=OPG146 PE=3 SV=1	0.1752876708873253
sp|Q0HKD2|FADI_SHESM 3-ketoacyl-CoA thiolase OS=Shewanella sp. (strain MR-4) OX=60480 GN=fadI PE=3 SV=1	sp|B7IDK8|PANB_THEAB 3-methyl-2-oxobutanoate hydroxymethyltransferase OS=Thermosipho africanus (strain TCF52B) OX=484019 GN=panB PE=3 SV=1	0.1734330142011328
sp|Q5WB79|ATPE_SHOC1 ATP synthase epsilon chain OS=Shouchella clausii (strain KSM-K16) OX=66692 GN=atpC PE=3 SV=1	sp|B8DBI2|ATPE_LISMH ATP synthase epsilon chain OS=Listeria monocytogenes serotype 4a (strain HCC23) OX=552536 GN=atpC PE=3 SV=1	0.4636469346223518
sp|A3NXW8|IHFB_BURP0 Integration host factor subunit beta OS=Burkholderia pseudomallei (strain 1106a) OX=357348 GN=ihfB PE=3 SV=1	sp|Q8Y0Y3|IHFB_RALN1 Integration host factor subunit beta OS=Ralstonia nicotianae (strain ATCC BAA-1114 / GMI1000) OX=267608 GN=ihfB PE=3 SV=1	0.5862374821342028
sp|P38885|AIM46_YEAST Altered inheritance of mitochondria protein 46, mitochondrial OS=Saccharomyces cerevisiae (strain ATCC 204508 / S288c) OX=559292 GN=AIM46 PE=1 SV=1	sp|A8MHH1|PYRH_ALKOO Uridylate kinase OS=Alkaliphilus oremlandii (strain OhILAs) OX=350688 GN=pyrH PE=3 SV=1	0.1930272547392986
sp|Q8U491|PURL_PYRFU Phosphoribosylformylglycinamidine synthase subunit PurL OS=Pyrococcus furiosus (strain ATCC 43587 / DSM 3638 / JCM 8422 / Vc1) OX=186497 GN=purL PE=3 SV=1	sp|P65901|PURL_STAAN Phosphoribosylformylglycinamidine synthase subunit PurL OS=Staphylococcus aureus (strain N315) OX=158879 GN=purL PE=1 SV=1	0.21247265704288443
sp|Q8E1Z8|PNP_STRA5 Polyribonucleotide nucleotidyltransferase OS=Streptococcus agalactiae serotype V (strain ATCC BAA-611 / 2603 V/R) OX=208435 GN=pnp PE=3 SV=1	sp|Q142H7|PNP_PARXL Polyribonucleotide nucleotidyltransferase OS=Paraburkholderia xenovorans (strain LB400) OX=266265 GN=pnp PE=3 SV=1	0.4663020902036874
sp|F4JJR8|FEY_ARATH Dehydrogenase/reductase SDR family member FEY OS=Arabidopsis thaliana OX=3702 GN=FEY PE=1 SV=1	sp|Q9KTY3|ISCR_VIBCH HTH-type transcriptional regulator IscR OS=Vibrio cholerae serotype O1 (strain ATCC 39315 / El Tor Inaba N16961) OX=243277 GN=iscR PE=3 SV=2	0.18624132229888948
sp|Q3ANP7|PURL_SYNSC Phosphoribosylformylglycinamidine synthase subunit PurL OS=Synechococcus sp. (strain CC9605) OX=110662 GN=purL PE=3 SV=1	sp|P65901|PURL_STAAN Phosphoribosylformylglycinamidine synthase subunit PurL OS=Staphylococcus aureus (strain N315) OX=158879 GN=purL PE=1 SV=1	0.29920165070973953
sp|E2AB17|F175B_CAMFO BRISC complex subunit FAM175B OS=Camponotus floridanus OX=104421 GN=EAG_01033 PE=1 SV=1	sp|Q9C9A3|HIP20_ARATH Heavy metal-associated isoprenylated plant protein 20 OS=Arabidopsis thaliana OX=3702 GN=HIPP20 PE=1 SV=1	0.1736214981407351
